cement,blast_furnace_slag,fly_ash,water,superplasticizer,coarse_aggregate,fine_aggregate ,age,concrete_compressive_strength,,w/c,f/c,age,concrete_compressive_strength
108.3,162.4,0,203.5,0,938.2,849,3,2.33,,0.54,0.56,7,27.8
122.6,183.9,0,203.5,0,958.2,800.1,3,3.32,,0.42,0.56,7,54.8
102,153,0,192,0,887,942,3,4.57,,0.31,0.67,7,41.1
153,102,0,192,0,888,943.1,3,4.78,,0.54,0.56,28,31.1
141.3,212,0,203.5,0,971.8,748.5,3,4.83,,0.42,0.56,28,58.9
183.9,122.6,0,203.5,0,959.2,800,3,4.90,,0.3,0.65,28,79.99
385,0,0,186,0,966,763,1,6.27,,0.3,0.64,28,61.89
116,173,0,192,0,909.8,891.9,3,6.28,,0.69,0.64,270,40.27
236,0,0,194,0,968,885,3,6.47,,0.69,0.64,365,41.05
212,141.3,0,203.5,0,973.4,750,3,6.81,,0.97,0.84,360,44.3
133,200,0,192,0,927.4,839.2,3,6.88,,0.86,0.72,90,47.03
166.8,250.2,0,203.5,0,975.6,692.6,3,6.90,,0.6,0.64,365,43.7
173,116,0,192,0,946.8,856.8,3,6.94,,0.6,0.64,28,36.45
182,45.2,122,170.2,8.2,1059.4,780.7,3,7.32,,0.86,0.72,28,45.85
168.9,42.2,124.3,158.3,10.8,1080.8,796.2,3,7.40,,0.48,0.64,28,39.29
135.7,203.5,0,185.7,0,1076.2,759.3,7,7.51,,0.97,0.84,90,38.07
102,153,0,192,0,887,942,7,7.68,,0.97,0.84,28,28.02
108.3,162.4,0,203.5,0,938.2,849,7,7.72,,0.53,0.64,270,43.01
168,42.1,163.8,121.8,5.7,1058.7,780.1,3,7.75,,1.2,0.72,90,42.33
200,0,0,180,0,1125,845,7,7.84,,0.75,0.72,28,47.81
186.2,124.1,0,185.7,0,1083.4,764.3,7,8.00,,0.6,0.72,90,52.91
139.6,209.4,0,192,0,1047,806.9,3,8.06,,1.38,0.77,90,39.36
255,0,0,192,0,889.8,945,3,8.20,,0.67,0.72,365,56.14
153,102,0,192,0,888,943.1,7,8.37,,0.6,0.64,90,40.56
250,0,95.7,191.8,5.3,948.9,857.2,3,8.49,,0.48,0.64,180,42.62
158,0,195,220,11,898,713,28,8.54,,0.53,0.64,180,41.84
158.4,0,194.9,219.7,11,897.7,712.9,28,8.54,,1.38,0.77,28,28.24
349,0,0,192,0,1056,809,7,9.01,,1.38,0.77,3,8.06
198.6,132.4,0,192,0,978.4,825.5,3,9.13,,1.38,0.77,180,44.21
254,0,0,198,0,968,863,3,9.31,,0.6,0.72,365,52.52
190.3,0,125.2,161.9,9.9,1088.1,802.6,3,9.45,,0.6,0.72,270,53.3
203.5,305.3,0,203.5,0,963.4,630,3,9.56,,0.6,0.64,270,41.15
158.8,238.2,0,185.7,0,1040.6,734.3,7,9.62,,0.67,0.72,180,52.12
157,236,0,192,0,935.4,781.2,3,9.69,,0.53,0.64,28,37.43
250.2,166.8,0,203.5,0,977.6,694.1,3,9.73,,0.48,0.64,7,38.6
155,0,143,193,9,877,868,28,9.74,,0.75,0.72,365,55.26
154.8,0,142.8,193.3,9.1,877.2,867.7,28,9.74,,0.86,0.72,365,52.91
202,11,141,206,1.7,942,801,3,9.85,,0.97,0.84,180,41.72
310,0,0,192,0,971,850.6,3,9.87,,0.48,0.64,270,42.13
236,0,0,193,0,968,885,7,9.99,,1.2,0.72,365,53.69
230,0,118.3,195.5,4.6,1029.4,758.6,3,10.03,,0.96,0.64,270,38.41
116,173,0,192,0,909.8,891.9,7,10.09,,0.96,0.64,28,30.08
255,0,0,192,0,889.8,945,7,10.22,,0.69,0.64,90,37.72
238.1,0,0,185.7,0,1118.8,789.3,7,10.34,,0.48,0.64,90,42.23
122.6,183.9,0,203.5,0,958.2,800.1,7,10.35,,0.96,0.64,180,36.25
233.8,0,94.6,197.9,4.6,947,852.2,3,10.38,,0.67,0.72,90,50.46
141.3,212,0,203.5,0,971.8,748.5,7,10.39,,0.53,0.64,365,43.7
145,0,179,202,8,824,869,28,10.54,,0.96,0.64,365,39
145.4,0,178.9,201.7,7.8,824,868.7,28,10.54,,0.6,0.72,180,53.1
170.3,155.5,0,185.7,0,1026.6,724.3,7,10.73,,0.53,0.64,90,41.54
166.1,0,163.3,176.5,4.5,1058.6,780.1,3,10.76,,0.53,0.64,7,35.08
183.9,122.6,0,203.5,0,959.2,800,7,10.79,,0.55,0.77,3,15.05
225,0,0,181,0,1113,833,7,11.17,,0.6,0.64,180,40.76
277,0,0,191,0,968,856,3,11.36,,0.96,0.64,7,26.26
173,116,0,192,0,946.8,856.8,7,11.39,,0.6,0.64,7,32.82
200,133,0,192,0,965.4,806.2,3,11.41,,0.69,0.64,180,39.78
382,0,0,186,0,1111,784,7,11.47,,1.2,0.72,180,46.93
252,0,0,186,0,1111,784,7,11.47,,0.96,0.64,90,33.12
252.5,0,0,185.7,0,1111.6,784.3,7,11.48,,0.75,0.72,90,49.19
222.4,0,96.7,189.3,4.5,967.1,870.3,3,11.58,,1.38,0.77,7,14.59
289,0,0,192,0,913.2,895.3,3,11.65,,0.97,0.84,7,14.64
310,0,0,192,0,1012,830,3,11.85,,0.48,0.64,365,41.93
203.5,135.7,0,185.7,0,1076.2,759.3,7,11.96,,0.97,0.84,3,9.13
251.4,0,118.3,192.9,5.8,1043.6,754.3,3,11.98,,0.75,0.72,180,50.95
238,0,0,186,0,1119,789,7,12.05,,0.69,0.64,28,33.02
194.7,0,100.5,170.2,7.5,998,901.8,3,12.18,,0.75,0.72,270,54.38
152,0,112,184,8,992,816,28,12.18,,0.86,0.72,270,51.73
151.6,0,111.9,184.4,7.9,992,815.9,28,12.18,,0.62,0.88,3,9.87
200,0,0,180,0,1125,845,28,12.25,,1.2,0.72,270,50.66
181.9,272.8,0,185.7,0,1012.4,714.3,7,12.37,,0.86,0.72,180,48.7
194.7,0,100.5,165.6,7.5,1006.4,905.9,3,12.45,,0.67,0.72,270,55.06
155,0,143,193,9,1047,697,28,12.46,,1.38,0.77,360,44.7
154.8,0,142.8,193.3,9.1,1047.4,696.7,28,12.46,,0.69,0.64,7,30.28
212.1,0,121.6,180.3,5.7,1057.6,779.3,3,12.47,,1.2,0.72,28,40.86
307,0,0,193,0,968,812,3,12.54,,0.3,0.71,28,71.99
190.3,0,125.2,166.6,9.9,1079,798.9,3,12.55,,0.45,0.82,3,34.4
500,0,0,200,0,1125,613,1,12.64,,0.56,0.58,3,28.8
250,0,0,182,0,1100,820,7,12.73,,0.36,1.04,3,33.4
192,288,0,192,0,929.8,716.1,3,12.79,,0.36,0.86,3,36.3
236,0,0,194,0,968,885,14,12.84,,0.34,1.17,3,29
220.8,147.2,0,185.7,0,1055,744.3,7,13.09,,0.38,0.92,3,37.8
251.4,0,118.3,188.5,6.4,1028.4,757.7,3,13.12,,0.29,0.99,3,40.2
213.8,98.1,24.5,181.7,6.7,1066,785.5,3,13.18,,0.36,1.04,3,33.4
145,0,134,181,11,979,812,28,13.20,,0.41,1.09,3,28.1
144.8,0,133.6,180.8,11.1,979.5,811.5,28,13.20,,0.27,1.05,3,41.3
339,0,0,197,0,968,781,3,13.22,,0.36,1.04,3,33.4
135,0,166,180,10,961,805,28,13.29,,0.49,1.03,3,25.2
134.7,0,165.7,180.2,10,961,804.9,28,13.29,,0.37,0.9,3,41.1
212.6,0,100.4,159.4,10.4,1003.8,903.8,3,13.33,,0.45,0.8,3,35.3
229.7,0,118.2,195.2,6.1,1028.1,757.6,3,13.36,,0.57,0.7,3,28.3
284,15,141,179,5.5,842,801,3,13.40,,0.41,0.53,3,28.6
151,0,185,167,16,1074,678,28,13.46,,0.45,0.8,3,35.3
150.7,0,185.3,166.7,15.6,1074.5,678,28,13.46,,0.51,0.8,3,24.4
331,0,0,192,0,978,825,3,13.52,,0.45,0.8,3,35.3
331,0,0,192,0,879,825,3,13.52,,0.42,0.8,3,39.3
212.5,0,100.4,159.3,8.7,1007.8,903.6,3,13.54,,0.37,0.8,3,40.6
236,157,0,192,0,972.6,749.1,3,13.57,,0.45,0.8,3,35.3
181.4,0,167,169.6,7.6,1055.6,777.8,3,13.62,,0.52,0.8,3,24.1
133,200,0,192,0,927.4,839.2,7,13.66,,0.45,0.82,7,46.2
252,0,0,185,0,1111,784,7,13.71,,0.56,0.58,7,42.8
250,0,95.7,187.4,5.5,956.9,861.2,3,13.82,,0.36,1.04,7,49.2
305.3,203.5,0,203.5,0,965.4,631,3,14.14,,0.36,0.86,7,46.8
275,0,0,183,0,1088,808,7,14.20,,0.34,1.17,7,45.7
296,0,0,192,0,1085,765,7,14.20,,0.38,0.92,7,55.6
331,0,0,192,0,1025,821,3,14.31,,0.29,0.99,7,54.9
165,0,143.6,163.8,0,1005.6,900.9,3,14.40,,0.36,1.04,7,49.2
281,0,0,186,0,1104,774,7,14.50,,0.41,1.09,7,34.9
381.4,0,0,185.7,0,1104.6,784.3,7,14.54,,0.27,1.05,7,46.9
139.6,209.4,0,192,0,1047,806.9,7,14.59,,0.36,1.04,7,49.2
289,0,0,192,0,913.2,895.3,7,14.60,,0.49,1.03,7,33.4
198.6,132.4,0,192,0,978.4,825.5,7,14.64,,0.37,0.9,7,54.1
385,0,0,186,0,966,763,3,14.70,,0.45,0.8,7,55.9
295,0,0,185,0,1069,769,7,14.80,,0.57,0.7,7,49.8
295.8,0,0,185.7,0,1091.4,769.3,7,14.84,,0.41,0.53,7,47.1
167.4,129.9,128.6,175.5,7.8,1006.3,746.6,3,14.94,,0.45,0.8,7,55.9
349,0,0,192,0,1047,806,3,14.99,,0.51,0.8,7,38
310,0,0,192,0,970,850,7,14.99,,0.45,0.8,7,55.9
212,141.3,0,203.5,0,973.4,750,7,15.03,,0.42,0.8,7,56.1
190.7,0,125.4,162.1,7.8,1090,804,3,15.04,,0.37,0.8,7,59.09
349,0,0,192,0,1047,806.9,3,15.05,,0.45,0.8,7,22.9
202,11,141,206,1.7,942,801,7,15.07,,0.52,0.8,7,35.1
164,0,200,181,13,849,846,28,15.09,,0.45,0.82,28,61.09
164.2,0,200.1,181.2,12.6,849.3,846,28,15.09,,0.56,0.58,28,59.8
218.9,0,124.1,158.5,11.3,1078.7,794.9,3,15.34,,0.36,1.04,28,60.29
144,15,195,176,6,1021,709,28,15.34,,0.36,0.86,28,61.8
249.1,0,98.8,158.1,12.8,987.8,889,3,15.36,,0.34,1.17,28,56.7
144,0,175,158,18,943,844,28,15.42,,0.38,0.92,28,68.3
143.6,0,174.9,158.4,17.9,942.7,844.5,28,15.42,,0.29,0.99,28,66.9
231.8,0,121.6,174,6.7,1056.4,778.5,3,15.44,,0.36,1.04,28,60.29
167,75.4,167,164,7.9,1007.3,770.1,3,15.52,,0.41,1.09,28,50.7
148,0,182,181,15,839,884,28,15.52,,0.27,1.05,28,56.4
148.1,0,182.1,181.4,15,838.9,884.3,28,15.53,,0.36,1.04,28,60.29
151,0,184,167,12,991,772,28,15.57,,0.49,1.03,28,55.5
150.9,0,183.9,166.6,11.6,991.2,772.2,28,15.57,,0.37,0.9,28,68.5
300,0,0,184,0,1075,795,7,15.58,,0.45,0.8,28,71.3
213.5,0,174.2,159.2,11.7,1043.6,771.9,3,15.61,,0.57,0.7,28,74.7
333,0,0,192,0,931.2,842.6,3,15.62,,0.41,0.53,28,52.2
238.2,158.8,0,185.7,0,1040.6,734.3,7,15.69,,0.45,0.8,28,71.3
166.8,250.2,0,203.5,0,975.6,692.6,7,15.75,,0.51,0.8,28,67.7
173.8,93.4,159.9,172.3,9.7,1007.2,746.6,3,15.82,,0.45,0.8,28,71.3
349,0,0,192,0,1056,809,3,15.87,,0.42,0.8,28,66
288,192,0,192,0,932,717.8,3,16.11,,0.37,0.8,28,74.5
331,0,0,192,0,978,825,7,16.26,,0.45,0.8,28,71.3
376,0,0,214.6,0,1003.5,762.4,3,16.28,,0.52,0.8,28,49.9
154,144,112,220,10,923,658,28,16.50,,0.45,0.82,56,63.4
153.6,144.2,112.3,220.1,10.1,923.2,657.9,28,16.50,,0.56,0.58,56,64.9
165,0,143.6,163.8,0,1005.6,900.9,14,16.88,,0.36,1.04,56,64.3
157,236,0,192,0,935.4,781.2,7,16.89,,0.36,0.86,56,64.9
200,133,0,192,0,965.4,806.2,7,17.17,,0.34,1.17,56,60.2
193.5,290.2,0,185.7,0,998.2,704.3,7,17.20,,0.38,0.92,56,72.3
251.4,0,118.3,188.5,5.8,1028.4,757.7,3,17.22,,0.29,0.99,56,69.3
255.5,170.3,0,185.7,0,1026.6,724.3,7,17.24,,0.36,1.04,56,64.3
310,0,0,192,0,1012,830,7,17.24,,0.41,1.09,56,55.2
102,153,0,192,0,887,942,28,17.28,,0.27,1.05,56,58.8
225,0,0,181,0,1113,833,28,17.34,,0.36,1.04,56,64.3
213.5,0,174.2,154.6,11.7,1052.3,775.5,3,17.37,,0.49,1.03,56,66.1
331,0,0,192,0,1025,821,7,17.44,,0.37,0.9,56,73.7
325,0,0,184,0,1063,783,7,17.54,,0.45,0.8,56,77.3
238,0,0,186,0,1119,789,28,17.54,,0.57,0.7,56,80.2
238,0,0,185,0,1118,789,28,17.54,,0.41,0.53,56,54.9
213.7,0,174.7,154.8,10.2,1053.5,776.4,3,17.57,,0.45,0.8,56,77.3
238.1,0,0,185.7,0,1118.8,789.3,28,17.58,,0.51,0.8,56,72.99
186.2,124.1,0,185.7,0,1083.4,764.3,28,17.60,,0.45,0.8,56,77.3
168,42.1,163.8,121.8,5.7,1058.7,780.1,14,17.82,,0.42,0.8,56,71.7
213.8,98.1,24.5,181.7,6.7,1066,785.5,14,17.84,,0.37,0.8,56,79.4
148,0,137,158,16,1002,830,28,17.95,,0.45,0.8,56,77.3
153,102,0,192,0,888,943.1,28,17.96,,0.52,0.8,56,59.89
148.1,0,136.6,158.1,16.1,1001.8,830.1,28,17.96,,0.45,0.82,91,64.9
213.7,98.1,24.5,181.7,6.9,1065.8,785.4,3,18.00,,0.56,0.58,91,66.6
214.9,53.8,121.9,155.6,9.6,1014.3,780.6,3,18.02,,0.36,1.04,91,65.2
165,0,150,182,12,1023,729,28,18.03,,0.36,0.86,91,66.7
164.6,0,150.4,181.6,11.7,1023.3,728.9,28,18.03,,0.34,1.17,91,62.5
350,0,0,203,0,974,775,7,18.13,,0.38,0.92,91,74.19
349,0,0,192,0,1047,806,7,18.13,,0.29,0.99,91,70.7
302,0,0,203,0,974,817,14,18.13,,0.36,1.04,91,65.2
135.7,203.5,0,185.7,0,1076.2,759.3,28,18.20,,0.41,1.09,91,57.6
155,183,0,193,9,1047,697,28,18.28,,0.27,1.05,91,59.2
154.8,183.4,0,193.3,9.1,1047.4,696.7,28,18.29,,0.36,1.04,91,65.2
236,0,0,194,0,968,885,28,18.42,,0.49,1.03,91,68.1
255,0,0,192,0,889.8,945,28,18.75,,0.37,0.9,91,75.5
296,0,0,186,0,1090,769,7,18.91,,0.45,0.8,91,79.3
153,145,0,178,8,1000,822,28,19.01,,0.41,0.53,91,56.5
152.7,144.7,0,178.1,8,999.7,822.2,28,19.01,,0.45,0.8,91,79.3
393,0,0,192,0,940,758,3,19.11,,0.51,0.8,91,76.8
393,0,0,192,0,940.6,785.6,3,19.20,,0.45,0.8,91,79.3
250.2,166.8,0,203.5,0,977.6,694.1,7,19.35,,0.42,0.8,91,73.3
165,128.5,132.1,175.1,8.1,1005.8,746.6,3,19.42,,0.37,0.8,91,82.6
190.3,0,125.2,166.6,9.9,1079,798.9,14,19.42,,0.45,0.8,91,79.3
212,0,124.8,159,7.8,1085.4,799.5,3,19.52,,0.52,0.8,91,67.8
203.5,305.3,0,203.5,0,963.4,630,7,19.54,,0.85,0.9,3,11.58
252,0,0,185,0,1111,784,28,19.69,,0.85,0.9,14,24.45
252,0,0,185,0,1111,784,28,19.69,,0.85,0.9,28,24.89
272.8,181.9,0,185.7,0,1012.4,714.3,7,19.77,,0.85,0.9,56,29.45
252.5,0,0,185.7,0,1111.6,784.3,28,19.77,,0.85,0.9,100,40.71
238.1,0,94.1,186.7,7,949.9,847,3,19.93,,0.85,0.9,3,10.38
147,115,89,202,9,860,829,28,19.99,,0.85,0.9,14,22.14
146.5,114.6,89.3,201.9,8.8,860,829.5,28,19.99,,0.85,0.9,28,22.84
230,0,118.3,195.5,4.6,1029.4,758.6,14,20.08,,0.85,0.9,56,27.66
350,0,0,186,0,1050,770,7,20.28,,0.85,0.9,100,34.56
236,157,0,192,0,972.6,749.1,7,20.42,,0.85,0.9,3,12.45
108.3,162.4,0,203.5,0,938.2,849,28,20.59,,0.85,0.9,14,24.99
178,129.8,118.6,179.9,3.6,1007.3,746.8,3,20.73,,0.85,0.9,28,25.72
251.4,0,118.3,192.9,5.8,1043.6,754.3,14,20.73,,0.85,0.9,56,33.96
322,0,0,203,0,974,800,14,20.77,,0.85,0.9,100,37.34
250,0,0,182,0,1100,820,28,20.87,,0.85,0.74,3,15.04
212.1,0,121.6,180.3,5.7,1057.6,779.3,14,20.92,,0.85,0.74,14,21.06
339,0,0,197,0,968,781,7,20.97,,0.85,0.74,28,26.4
251.8,0,99.9,146.1,12.4,1006,899.8,3,21.02,,0.85,0.74,56,35.34
190.7,0,125.4,162.1,7.8,1090,804,14,21.06,,0.85,0.74,100,40.57
158.8,238.2,0,185.7,0,1040.6,734.3,28,21.07,,0.85,0.74,3,12.47
339,0,0,185,0,1069,754,7,21.16,,0.85,0.74,14,20.92
339.2,0,0,185.7,0,1069.2,754.3,7,21.18,,0.85,0.74,28,24.9
277,0,0,191,0,968,856,14,21.26,,0.85,0.74,56,34.2
172.4,13.6,172.4,156.8,4.1,1006.3,856.4,3,21.29,,0.85,0.74,100,39.61
192,288,0,192,0,929.8,716.1,7,21.48,,0.85,0.74,3,10.03
182,45.2,122,170.2,8.2,1059.4,780.7,14,21.50,,0.85,0.74,14,20.08
166.1,0,163.3,176.5,4.5,1058.6,780.1,28,21.54,,0.85,0.74,28,24.48
181.4,0,167,169.6,7.6,1055.6,777.8,14,21.60,,0.85,0.74,56,31.54
296,0,0,192,0,1085,765,28,21.65,,0.85,0.74,100,35.34
302,0,0,203,0,974,817,28,21.75,,0.85,0.74,3,9.45
252.3,0,98.8,146.3,14.2,987.8,889,3,21.78,,0.85,0.74,14,22.72
210.7,316.1,0,185.7,0,977,689.3,7,21.82,,0.85,0.74,28,28.47
255,0,0,192,0,889.8,945,90,21.86,,0.85,0.74,56,38.56
290.2,193.5,0,185.7,0,998.2,704.3,7,21.86,,0.85,0.74,100,40.39
297.2,0,117.5,174.8,9.5,1022.8,753.5,3,21.91,,1.06,0.74,3,10.76
135,105,193,196,6,965,643,28,21.91,,1.06,0.74,14,25.48
228,342.1,0,185.7,0,955.8,674.3,7,21.92,,1.06,0.74,28,21.54
236,0,0,194,0,968,885,90,21.95,,1.06,0.74,56,28.63
202,11,141,206,1.7,942,801,28,21.97,,1.06,0.74,100,33.54
233.8,0,94.6,197.9,4.6,947,852.2,14,22.14,,0.73,0.74,3,7.75
229.7,0,118.2,195.2,6.1,1028.1,757.6,14,22.32,,0.73,0.74,14,17.82
116,173,0,192,0,909.8,891.9,28,22.35,,0.73,0.74,28,24.24
281,0,0,185,0,1104,774,28,22.44,,0.73,0.74,56,32.85
281,0,0,186,0,1104,774,28,22.44,,0.73,0.74,100,39.23
381.4,0,0,185.7,0,1104.6,784.3,28,22.49,,0.85,0.74,3,18
290.4,0,96.2,168.1,9.4,961.2,865,3,22.50,,0.85,0.74,14,30.39
350,0,0,203,0,974,775,14,22.53,,0.85,0.74,28,45.71
203.5,135.7,0,185.7,0,1076.2,759.3,28,22.63,,0.85,0.74,56,50.77
190.3,0,125.2,161.9,9.9,1088.1,802.6,14,22.72,,0.85,0.74,100,53.9
387,20,94,157,14.3,938,845,3,22.75,,0.85,0.74,3,13.18
233.8,0,94.6,197.9,4.6,947,852.2,28,22.84,,0.85,0.74,14,17.84
362.6,189,0,164.9,11.6,944.7,755.8,7,22.90,,0.85,0.74,28,40.23
184,86,190,213,6,923,623,28,22.93,,0.85,0.74,56,47.13
295.7,0,95.6,171.5,8.9,955.1,859.2,3,22.95,,0.85,0.74,100,49.97
173.5,50.1,173.5,164.8,6.5,1006.2,793.5,3,23.08,,0.85,0.74,3,13.36
277.1,0,97.4,160.6,11.8,973.9,875.6,3,23.14,,0.85,0.74,14,22.32
385,0,0,186,0,966,763,7,23.22,,0.85,0.74,28,24.54
202,11,141,206,1.7,942,801,56,23.25,,0.85,0.74,56,31.35
446,24,79,162,11.6,967,712,3,23.35,,0.85,0.74,100,40.86
333,0,0,192,0,931.2,842.6,7,23.40,,0.78,0.89,3,19.93
168.9,42.2,124.3,158.3,10.8,1080.8,796.2,14,23.51,,0.78,0.89,14,25.69
246.8,0,125.1,143.3,12,1086.8,800.9,3,23.52,,0.78,0.89,28,30.23
288,192,0,192,0,932,717.8,7,23.52,,0.78,0.89,56,39.59
149,118,92,183,7,953,780,28,23.52,,0.78,0.89,100,44.3
149,117.6,91.7,182.9,7.1,953.4,780.3,28,23.52,,0.75,0.9,3,13.82
359,19,141,154,10.9,942,801,3,23.64,,0.75,0.9,14,24.92
149,139,109,193,6,892,780,28,23.69,,0.75,0.9,28,29.22
148.5,139.4,108.6,192.7,6.1,892.4,780,28,23.70,,0.75,0.9,56,38.33
146,173,0,182,3,986,817,28,23.74,,0.75,0.9,100,42.35
145.7,172.6,0,181.9,3.4,985.8,816.8,28,23.74,,0.75,0.9,3,13.54
155,183,0,193,9,877,868,28,23.79,,0.75,0.9,14,26.31
154.8,183.4,0,193.3,9.1,877.2,867.7,28,23.79,,0.75,0.9,28,31.64
275.1,0,121.4,159.5,9.9,1053.6,777.5,3,23.80,,0.75,0.9,56,42.55
300,0,120,212,10,878,728,28,23.84,,0.75,0.9,100,42.92
299.8,0,119.8,211.5,9.9,878.2,727.6,28,23.84,,0.75,0.9,3,13.33
436,0,0,218,0,838.4,719.7,28,23.85,,0.75,0.9,14,25.37
167,187,195,185,7,898,636,28,23.89,,0.75,0.9,28,37.4
382,0,0,186,0,1047,739,7,24.00,,0.75,0.9,56,44.4
382,0,0,185,0,1047,739,7,24.00,,0.75,0.9,100,47.74
183.9,122.6,0,203.5,0,959.2,800,28,24.05,,0.75,0.74,3,19.52
382.5,0,0,185.7,0,1047.8,739.3,7,24.07,,0.75,0.74,14,31.35
337.9,189,0,174.9,9.5,944.7,755.8,3,24.10,,0.75,0.74,28,38.5
236,0,0,193,0,968,885,180,24.10,,0.75,0.74,56,45.08
284,15,141,179,5.5,842,801,7,24.13,,0.75,0.74,100,47.82
168,42.1,163.8,121.8,5.7,1058.7,780.1,28,24.24,,0.75,0.74,3,15.44
194.7,0,100.5,170.2,7.5,998,901.8,14,24.28,,0.75,0.74,14,26.77
173,116,0,192,0,946.8,856.8,28,24.28,,0.75,0.74,28,33.73
122.6,183.9,0,203.5,0,958.2,800.1,28,24.29,,0.75,0.74,56,42.7
154,174,185,228,7,845,612,28,24.34,,0.75,0.74,100,45.84
480,0,0,192,0,936,721,3,24.39,,0.75,0.74,3,17.22
286.3,200.9,0,144.7,11.2,1004.6,803.7,3,24.40,,0.75,0.74,14,29.93
480,0,0,192,0,936.2,712.2,3,24.40,,0.75,0.74,28,29.65
251.4,0,118.3,188.5,6.4,1028.4,757.7,14,24.43,,0.75,0.74,56,36.97
316.1,210.7,0,185.7,0,977,689.3,7,24.44,,0.75,0.74,100,43.58
222.4,0,96.7,189.3,4.5,967.1,870.3,14,24.45,,0.75,0.74,3,13.12
230,0,118.3,195.5,4.6,1029.4,758.6,28,24.48,,0.75,0.74,14,24.43
275,0,0,183,0,1088,808,28,24.50,,0.75,0.74,28,32.66
229.7,0,118.2,195.2,6.1,1028.1,757.6,28,24.54,,0.75,0.74,56,36.64
149,153,194,192,8,935,623,28,24.58,,0.75,0.74,100,44.21
250,0,95.7,191.8,5.3,948.9,857.2,14,24.66,,0.93,0.74,3,13.62
190.3,0,125.2,166.6,9.9,1079,798.9,28,24.85,,0.93,0.74,14,21.6
222.4,0,96.7,189.3,4.5,967.1,870.3,28,24.89,,0.93,0.74,28,27.77
212.1,0,121.6,180.3,5.7,1057.6,779.3,28,24.90,,0.93,0.74,56,35.57
250,0,95.7,187.4,5.5,956.9,861.2,14,24.92,,0.93,0.74,100,45.37
194.7,0,100.5,165.6,7.5,1006.4,905.9,14,24.99,,0.94,0.74,3,7.32
446,24,79,162,11.6,967,712,3,25.02,,0.94,0.74,14,21.5
236,0,0,193,0,968,885,365,25.08,,0.94,0.74,28,31.27
313,0,0,178,8,1000,822,28,25.10,,0.94,0.74,56,43.5
312.7,0,0,178.1,8,999.7,822.2,28,25.10,,0.94,0.74,100,48.67
359,19,141,154,10.9,942,801,3,25.12,,0.94,0.74,3,7.4
296,0,0,186,0,1090,769,28,25.18,,0.94,0.74,14,23.51
295,0,0,185,0,1069,769,28,25.18,,0.94,0.74,28,31.12
322,0,0,203,0,974,800,28,25.18,,0.94,0.74,56,39.15
318.8,212.5,0,155.7,14.3,852.1,880.4,3,25.20,,0.94,0.74,100,48.15
295.8,0,0,185.7,0,1091.4,769.3,28,25.22,,0.58,0.9,3,22.5
212.6,0,100.4,159.4,10.4,1003.8,903.8,14,25.37,,0.58,0.9,14,34.67
239.6,359.4,0,185.7,0,941.6,664.3,7,25.42,,0.58,0.9,28,34.74
397,0,0,185.7,0,1040.6,734.3,7,25.45,,0.58,0.9,56,45.08
102,153,0,192,0,887,942,90,25.46,,0.58,0.9,100,48.97
166.1,0,163.3,176.5,4.5,1058.6,780.1,14,25.48,,0.58,0.9,3,23.14
387,20,94,157,13.9,938,845,3,25.51,,0.58,0.9,14,41.89
153,145,113,178,8,1002,689,28,25.56,,0.58,0.9,28,48.28
153.1,145,113,178.5,8,1001.9,688.7,28,25.56,,0.58,0.9,56,51.04
289,0,0,192,0,913.2,895.3,28,25.57,,0.58,0.9,100,55.64
491,26,123,210,3.9,882,699,3,25.61,,0.58,0.9,3,22.95
376,0,0,214.6,0,1003.5,762.4,14,25.62,,0.58,0.9,14,35.23
238.1,0,94.1,186.7,7,949.9,847,14,25.69,,0.58,0.9,28,39.94
194.7,0,100.5,165.6,7.5,1006.4,905.9,28,25.72,,0.58,0.9,56,48.72
170.3,155.5,0,185.7,0,1026.6,724.3,28,25.73,,0.58,0.9,100,52.04
220.8,147.2,0,185.7,0,1055,744.3,28,25.75,,0.58,0.89,3,21.02
305.3,203.5,0,203.5,0,965.4,631,7,25.89,,0.58,0.89,14,33.36
277,0,0,191,0,968,856,28,25.97,,0.58,0.89,28,33.94
218.9,0,124.1,158.5,11.3,1078.7,794.9,14,26.05,,0.58,0.89,56,44.14
375,0,0,186,0,1038,758,7,26.06,,0.58,0.89,100,45.37
500,0,0,200,0,1125,613,3,26.06,,0.63,0.9,3,15.36
144,136,106,178,7,941,774,28,26.14,,0.63,0.9,14,28.68
143.8,136.3,106.2,178.1,7.5,941.5,774.3,28,26.15,,0.63,0.9,28,30.85
165,0,143.6,163.8,0,1005.6,900.9,28,26.20,,0.63,0.9,56,42.03
153,145,113,178,8,867,824,28,26.23,,0.63,0.9,100,51.06
153.1,145,113,178.5,8,867.2,824,28,26.23,,0.58,0.9,3,21.78
237.5,237.5,0,228,0,932,594,7,26.26,,0.58,0.9,14,42.29
212.5,0,100.4,159.3,8.7,1007.8,903.6,14,26.31,,0.58,0.9,28,50.6
153,102,0,192,0,888,943.1,90,26.32,,0.58,0.9,56,55.83
190.7,0,125.4,162.1,7.8,1090,804,28,26.40,,0.58,0.9,100,60.95
302,0,0,203,0,974,817,180,26.74,,0.58,0.74,3,23.52
231.8,0,121.6,174,6.7,1056.4,778.5,14,26.77,,0.58,0.74,14,42.22
300,0,0,184,0,1075,795,28,26.85,,0.58,0.74,28,52.5
153,239,0,200,6,1002,684,28,26.86,,0.58,0.74,56,60.32
152.6,238.7,0,200,6.3,1001.8,683.9,28,26.86,,0.58,0.74,100,66.42
238.2,158.8,0,185.7,0,1040.6,734.3,28,26.91,,0.58,0.74,3,23.8
148,175,0,171,2,1000,828,28,26.92,,0.58,0.74,14,38.77
147.8,175.1,0,171.2,2.2,1000,828.5,28,26.92,,0.58,0.74,28,51.33
254,0,0,198,0,968,863,90,26.94,,0.58,0.74,56,56.85
136,196,98,199,6,847,783,28,26.97,,0.58,0.74,100,58.61
339,0,0,197,0,968,781,14,27.04,,0.59,0.74,3,21.91
250,0,95.7,191.8,5.3,948.9,857.2,28,27.22,,0.59,0.74,14,36.99
164,163,128,197,8,961,641,28,27.23,,0.59,0.74,28,47.4
350,0,0,203,0,974,775,28,27.34,,0.59,0.74,56,51.96
218.2,54.6,123.8,140.8,11.9,1075.7,792.7,3,27.42,,0.59,0.74,100,56.74
307,0,0,193,0,968,812,28,27.53,,0.72,0.74,3,17.57
254,0,0,198,0,968,863,180,27.63,,0.72,0.74,14,33.73
233.8,0,94.6,197.9,4.6,947,852.2,56,27.66,,0.72,0.74,28,40.15
159,149,116,175,15,953,720,28,27.68,,0.72,0.74,56,46.64
158.6,148.9,116,175.1,15,953.3,719.7,28,27.68,,0.72,0.74,100,50.08
393,0,0,192,0,940.6,785.6,7,27.74,,0.72,0.74,3,17.37
181.4,0,167,169.6,7.6,1055.6,777.8,28,27.77,,0.72,0.74,14,33.7
410,0,0,220,4,1090,615,7,27.80,,0.72,0.74,28,45.94
310,0,0,192,0,1012,830,28,27.83,,0.72,0.74,56,51.43
133,200,0,192,0,927.4,839.2,28,27.87,,0.72,0.74,100,59.3
385,0,0,186,0,966,763,14,27.92,,0.58,0.74,3,30.45
310,0,0,192,0,970,850,28,27.92,,0.58,0.74,14,47.71
181.9,272.8,0,185.7,0,1012.4,714.3,28,27.94,,0.58,0.74,28,63.14
198.6,132.4,0,192,0,978.4,825.5,28,28.02,,0.58,0.74,56,66.82
388.6,97.1,0,157.9,12.1,852.1,925.7,3,28.10,,0.58,0.74,100,66.95
139.6,209.4,0,192,0,1047,806.9,28,28.24,,0.65,0.74,3,27.42
323.7,282.8,0,183.8,10.3,942.7,659.9,3,28.30,,0.65,0.74,14,35.96
190.3,0,125.2,161.9,9.9,1088.1,802.6,28,28.47,,0.65,0.74,28,55.51
379.5,151.2,0,153.9,15.9,1134.3,605,3,28.60,,0.65,0.74,56,61.99
166.1,0,163.3,176.5,4.5,1058.6,780.1,56,28.63,,0.65,0.74,100,63.53
237,92,71,247,6,853,695,28,28.63,,0.72,0.77,3,18.02
236.9,91.7,71.5,246.9,6,852.9,695.4,28,28.63,,0.72,0.77,14,38.6
249.1,0,98.8,158.1,12.8,987.8,889,14,28.68,,0.72,0.77,28,52.2
313.3,262.2,0,175.5,8.6,1046.9,611.8,3,28.80,,0.72,0.77,56,53.96
133.1,210.2,0,195.7,3.1,949.4,795.3,28,28.94,,0.72,0.77,100,56.63
155,184,143,194,9,880,699,28,28.99,,0.72,0.74,3,15.34
155.2,183.9,143.2,193.8,9.2,879.6,698.5,28,28.99,,0.72,0.74,14,26.05
375,93.8,0,126.6,23.4,852.1,992.6,3,29.00,,0.72,0.74,28,30.22
136,162,126,172,10,923,764,28,29.07,,0.72,0.74,56,37.27
136.4,161.6,125.8,171.6,10.4,922.6,764.4,28,29.07,,0.72,0.74,100,46.23
145,116,119,184,5.7,833,880,28,29.16,,0.57,0.76,3,16.28
250,0,95.7,187.4,5.5,956.9,861.2,28,29.22,,0.57,0.76,14,25.62
108.3,162.4,0,203.5,0,938.2,849,90,29.23,,0.57,0.76,28,31.97
296,0,0,192,0,1085,765,90,29.39,,0.57,0.76,56,36.3
156,178,187,221,7,854,614,28,29.41,,0.57,0.76,100,43.06
222.4,0,96.7,189.3,4.5,967.1,870.3,56,29.45,,0.28,0.88,28,67.57
173.8,93.4,159.9,172.3,9.7,1007.2,746.6,14,29.55,,0.3,0.58,28,57.23
491,26,123,201,3.9,822,699,3,29.55,,0.46,0.66,28,81.75
213.5,0,174.2,159.2,11.7,1043.6,771.9,14,29.59,,0.39,0.61,28,64.02
322,0,0,203,0,974,800,180,29.59,,0.37,0.72,28,78.8
251.4,0,118.3,188.5,5.8,1028.4,757.7,28,29.65,,0.31,1,28,41.37
143,169,143,191,8,967,643,28,29.72,,0.33,1,28,60.28
143,169.4,142.7,190.7,8.4,967.4,643.5,28,29.73,,0.35,0.78,28,56.83
172.4,13.6,172.4,156.8,4.1,1006.3,856.4,14,29.75,,0.34,0.93,28,51.02
254,0,0,198,0,968,863,365,29.79,,0.41,0.85,28,55.55
144,170,133,192,8,814,805,28,29.87,,0.4,0.55,28,44.13
143.7,170.2,132.6,191.6,8.5,814.1,805.3,28,29.87,,0.44,0.55,28,39.38
141.3,212,0,203.5,0,971.8,748.5,28,29.89,,0.42,0.66,28,55.65
251.4,0,118.3,188.5,5.8,1028.4,757.7,14,29.93,,0.5,0.66,28,47.28
350,0,0,203,0,974,775,56,29.98,,0.57,0.66,28,44.33
237.5,237.5,0,228,0,932,594,28,30.08,,0.43,0.62,28,52.3
305,0,100,196,10,959,705,28,30.12,,0.95,0.58,28,49.25
304.8,0,99.6,196,9.8,959.4,705.2,28,30.12,,0.31,1,28,41.37
400,0,0,187,0,1025,745,7,30.14,,1.27,1.06,28,29.16
218.9,0,124.1,158.5,11.3,1078.7,794.9,28,30.22,,1.14,1.07,28,39.4
238.1,0,94.1,186.7,7,949.9,847,28,30.23,,0.81,0.78,28,39.3
332.5,142.5,0,228,0,932,594,7,30.28,,0.64,0.93,28,67.87
213.7,98.1,24.5,181.7,6.9,1065.8,785.4,14,30.39,,0.34,0.63,28,58.52
200,133,0,192,0,965.4,806.2,28,30.44,,0.57,0.66,28,53.58
277.2,97.8,24.5,160.7,11.2,1061.7,782.5,3,30.45,,0.45,0.62,28,59
325,0,0,184,0,1063,783,28,30.57,,0.59,0.92,28,76.24
162,214,164,202,10,820,680,28,30.65,,0.3,0.63,28,69.84
249.1,0,98.8,158.1,12.8,987.8,889,28,30.85,,0.99,0.9,3,14.4
159,209,161,201,7,848,669,28,30.88,,1.06,0.74,3,19.42
297,0,0,186,0,1040,734,7,30.96,,1.01,0.74,3,20.73
116,173,0,192,0,909.8,891.9,90,31.02,,1.05,0.74,3,14.94
133,210,0,196,3,949,795,28,31.03,,0.91,0.85,3,21.29
410,0,0,220,4,1090,615,28,31.10,,0.95,0.79,3,23.08
168.9,42.2,124.3,158.3,10.8,1080.8,796.2,28,31.12,,0.98,0.77,3,15.52
322,0,116,196,10,818,813,28,31.18,,0.99,0.74,3,15.82
322.2,0,115.6,196,10.4,817.9,813.4,28,31.18,,0.88,0.74,3,12.55
277,0,0,191,0,968,856,90,31.25,,0.77,0.9,3,8.49
182,45.2,122,170.2,8.2,1059.4,780.7,28,31.27,,0.75,0.74,3,15.61
229.7,0,118.2,195.2,6.1,1028.1,757.6,56,31.35,,0.87,0.9,3,12.18
212,0,124.8,159,7.8,1085.4,799.5,14,31.35,,0.77,0.72,3,11.98
350,0,0,203,0,974,775,90,31.35,,0.99,0.9,14,16.88
385,0,0,186,0,966,763,28,31.35,,1.06,0.74,14,33.09
272.8,181.9,0,185.7,0,1012.4,714.3,28,31.38,,1.01,0.74,14,34.24
296,0,107,221,11,819,778,28,31.42,,1.05,0.74,14,31.81
296,0,106.7,221.4,10.5,819.2,778.4,28,31.42,,0.91,0.85,14,29.75
331,0,0,192,0,978,825,28,31.45,,0.95,0.79,14,33.01
230,0,118.3,195.5,4.6,1029.4,758.6,56,31.54,,0.98,0.77,14,32.9
212.5,0,100.4,159.3,8.7,1007.8,903.6,28,31.64,,0.99,0.74,14,29.55
339,0,0,185,0,1060,754,28,31.65,,0.88,0.74,14,19.42
190.3,0,125.2,166.6,9.9,1079,798.9,56,31.72,,0.77,0.9,14,24.66
331,0,0,192,0,1025,821,28,31.74,,0.75,0.74,14,29.59
167.4,129.9,128.6,175.5,7.8,1006.3,746.6,14,31.81,,0.87,0.9,14,24.28
339,0,0,185,0,1069,754,28,31.84,,0.77,0.72,14,20.73
298,0,107,210,11,880,744,28,31.87,,0.99,0.9,28,26.2
298.2,0,107,209.7,11.1,879.6,744.2,28,31.88,,1.06,0.74,28,46.39
339.2,0,0,185.7,0,1069.2,754.3,28,31.90,,1.01,0.74,28,39.16
376,0,0,214.6,0,1003.5,762.4,28,31.97,,1.05,0.74,28,41.2
333,0,0,192,0,931.2,842.6,28,31.97,,0.91,0.85,28,33.69
424,22,132,178,8.5,882,750,3,32.01,,0.95,0.79,28,38.2
339,0,0,197,0,968,781,28,32.04,,0.98,0.77,28,41.41
255.5,170.3,0,185.7,0,1026.6,724.3,28,32.05,,0.99,0.74,28,37.81
289,0,0,192,0,913.2,895.3,90,32.07,,0.88,0.74,28,24.85
173,116,0,192,0,946.8,856.8,90,32.10,,0.77,0.9,28,27.22
424,22,132,168,8.9,822,750,3,32.11,,0.75,0.74,28,44.64
273,0,90,199,11,931,762,28,32.24,,0.87,0.9,28,37.27
272.6,0,89.6,198.7,10.6,931.3,762.2,28,32.25,,0.77,0.72,28,33.27
277,0,0,191,0,968,856,180,32.33,,0.99,0.9,56,36.56
261,100,78,201,9,864,761,28,32.40,,1.06,0.74,56,53.72
260.9,100.5,78.3,200.6,8.6,864.5,761.5,28,32.40,,1.01,0.74,56,48.59
183.9,122.6,0,203.5,0,959.2,800,90,32.53,,1.05,0.74,56,51.72
193.5,290.2,0,185.7,0,998.2,704.3,28,32.63,,0.91,0.85,56,35.85
251.4,0,118.3,188.5,6.4,1028.4,757.7,28,32.66,,0.95,0.79,56,53.77
350,0,0,203,0,974,775,180,32.72,,0.98,0.77,56,53.46
349,0,0,192,0,1047,806,28,32.72,,0.99,0.74,56,48.99
145.9,230.5,0,202.5,3.4,827,871.8,28,32.72,,0.88,0.74,56,31.72
159,187,0,176,11,990,789,28,32.76,,0.77,0.9,56,39.64
159.1,186.7,0,175.6,11.3,989.6,788.9,28,32.77,,0.75,0.74,56,51.26
380,95,0,228,0,932,594,7,32.82,,0.87,0.9,56,43.39
160,188,146,203,11,829,710,28,32.84,,0.77,0.72,56,39.27
168,42.1,163.8,121.8,5.7,1058.7,780.1,56,32.85,,0.99,0.9,100,37.96
236,157,0,192,0,972.6,749.1,28,32.88,,1.06,0.74,100,55.02
167,75.4,167,164,7.9,1007.3,770.1,14,32.90,,1.01,0.74,100,49.99
307,0,0,193,0,968,812,90,32.92,,1.05,0.74,100,53.66
149,236,0,176,13,847,893,28,32.96,,0.91,0.85,100,37.68
149.5,236,0,175.8,12.6,846.8,892.7,28,32.96,,0.95,0.79,100,56.06
212,141.3,0,203.5,0,973.4,750,28,33.00,,0.98,0.77,100,56.81
173.5,50.1,173.5,164.8,6.5,1006.2,793.5,14,33.01,,0.99,0.74,100,50.94
332.5,142.5,0,228,0,932,594,28,33.02,,0.88,0.74,100,33.56
290.2,193.5,0,185.7,0,998.2,704.3,28,33.04,,0.77,0.9,100,41.16
157,214,152,200,9,819,704,28,33.05,,0.75,0.74,100,52.96
146,230,0,202,3,827,872,28,33.06,,0.87,0.9,100,44.28
397,0,0,185.7,0,1040.6,734.3,28,33.08,,0.77,0.72,100,40.15
165,128.5,132.1,175.1,8.1,1005.8,746.6,14,33.09,,0.36,0.74,28,57.03
237.5,237.5,0,228,0,932,594,90,33.12,,0.36,0.74,28,44.42
122.6,183.9,0,203.5,0,958.2,800.1,90,33.19,,0.36,0.74,28,51.02
500,0,0,200,0,1125,613,7,33.21,,0.36,0.74,28,53.39
251.4,0,118.3,192.9,5.8,1043.6,754.3,28,33.27,,0.36,0.74,3,35.36
132,207,161,179,5,867,736,28,33.30,,0.36,0.74,3,25.02
132,206.5,160.9,178.9,5.5,866.9,735.6,28,33.31,,0.36,0.74,3,23.35
251.8,0,99.9,146.1,12.4,1006,899.8,14,33.36,,0.36,0.74,7,52.01
425,106.3,0,153.5,16.5,852.1,887.1,3,33.40,,0.36,0.74,7,38.02
425,106.3,0,153.5,16.5,852.1,887.1,3,33.40,,0.36,0.74,7,39.3
425,106.3,0,153.5,16.5,852.1,887.1,3,33.40,,0.36,0.74,56,61.07
318.8,212.5,0,155.7,14.3,852.1,880.4,7,33.40,,0.36,0.74,56,56.14
252,97,76,194,8,835,821,28,33.40,,0.36,0.74,56,55.25
252.1,97.1,75.6,193.8,8.3,835.5,821.4,28,33.40,,0.36,0.74,56,54.77
304,140,0,214,6,895,722,28,33.42,,0.41,0.9,28,50.24
303.6,139.9,0,213.5,6.2,895.5,722.5,28,33.42,,0.41,0.9,28,46.68
491,26,123,210,3.9,882,699,7,33.49,,0.41,0.9,28,46.68
166.1,0,163.3,176.5,4.5,1058.6,780.1,100,33.54,,0.41,0.9,3,22.75
190.3,0,125.2,166.6,9.9,1079,798.9,100,33.56,,0.41,0.9,3,25.51
349,0,0,192,0,1056,809,28,33.61,,0.41,0.9,3,34.77
157,236,0,192,0,935.4,781.2,28,33.66,,0.41,0.9,7,36.84
172.4,13.6,172.4,156.8,4.1,1006.3,856.4,28,33.69,,0.41,0.9,7,45.9
310,143,111,168,22,914,651,28,33.69,,0.41,0.9,7,41.67
213.5,0,174.2,154.6,11.7,1052.3,775.5,14,33.70,,0.41,0.9,56,56.34
277,0,0,191,0,968,856,360,33.70,,0.41,0.9,56,47.97
262,111,86,195,5,895,733,28,33.72,,0.41,0.9,56,61.46
261.9,110.5,86.1,195.4,5,895.2,732.6,28,33.72,,0.41,0.9,28,44.03
231.8,0,121.6,174,6.7,1056.4,778.5,28,33.73,,0.41,0.9,28,55.45
213.7,0,174.7,154.8,10.2,1053.5,776.4,14,33.73,,0.43,0.79,28,55.55
162,190,148,179,19,838,741,28,33.76,,0.41,0.85,28,57.92
162,190.1,148.1,178.8,18.8,838.1,741.4,28,33.76,,0.43,0.79,3,25.61
525,0,0,189,0,1125,613,3,33.80,,0.43,0.79,7,33.49
255,99,77,189,6,919,749,28,33.80,,0.43,0.79,56,59.59
255.3,98.8,77,188.6,6.5,919,749.3,28,33.80,,0.41,0.85,3,29.55
251.8,0,99.9,146.1,12.4,1006,899.8,28,33.94,,0.41,0.85,7,37.92
166.8,250.2,0,203.5,0,975.6,692.6,28,33.95,,0.41,0.85,56,61.86
194.7,0,100.5,165.6,7.5,1006.4,905.9,56,33.96,,0.42,0.91,28,62.05
212.1,0,121.6,180.3,5.7,1057.6,779.3,56,34.20,,0.42,0.85,3,32.01
178,129.8,118.6,179.9,3.6,1007.3,746.8,14,34.24,,0.4,0.91,28,72.1
350,0,0,186,0,1050,770,28,34.29,,0.42,0.91,7,39
374,189.2,0,170.1,10.1,926.1,756.7,3,34.40,,0.42,0.91,56,65.7
307,0,0,193,0,968,812,180,34.49,,0.4,0.91,3,32.11
233.8,0,94.6,197.9,4.6,947,852.2,100,34.56,,0.4,0.91,7,40.29
480,0,0,192,0,936.2,712.2,7,34.57,,0.4,0.91,56,74.36
290.4,0,96.2,168.1,9.4,961.2,865,14,34.67,,1.02,0.85,28,21.97
310,0,0,192,0,970,850,90,34.68,,1.02,0.85,3,9.85
290.4,0,96.2,168.1,9.4,961.2,865,28,34.74,,1.02,0.85,7,15.07
387,20,94,157,11.6,938,845,3,34.77,,1.02,0.85,56,23.25
388.6,97.1,0,157.9,12.1,852.1,925.7,7,34.90,,0.63,0.95,28,43.73
427.5,47.5,0,228,0,932,594,7,35.08,,0.63,0.95,3,13.4
337.9,189,0,174.9,9.5,944.7,755.8,7,35.10,,0.63,0.95,7,24.13
339,0,0,197,0,968,781,90,35.17,,0.63,0.95,56,44.52
295.7,0,95.6,171.5,8.9,955.1,859.2,14,35.23,,0.43,0.85,28,62.94
140,164,128,237,6,869,656,28,35.23,,0.43,0.85,28,59.49
139.7,163.9,127.7,236.7,5.8,868.6,655.6,28,35.23,,0.43,0.85,3,25.12
362.6,189,0,164.9,11.6,944.7,755.8,3,35.30,,0.43,0.85,3,23.64
362.6,189,0,164.9,11.6,944.7,755.8,3,35.30,,0.43,0.85,7,35.75
362.6,189,0,164.9,11.6,944.7,755.8,3,35.30,,0.43,0.85,7,38.61
362.6,189,0,164.9,11.6,944.7,755.8,3,35.30,,0.43,0.85,56,68.75
160.2,188,146.4,203.2,11.3,828.7,709.7,28,35.31,,0.43,0.85,56,66.78
190.7,0,125.4,162.1,7.8,1090,804,56,35.34,,0.5,0.86,28,23.85
230,0,118.3,195.5,4.6,1029.4,758.6,100,35.34,,0.66,0.98,90,32.07
446,24,79,162,11.6,967,712,3,35.36,,0.66,0.98,3,11.65
181.4,0,167,169.6,7.6,1055.6,777.8,56,35.57,,0.49,0.84,3,19.2
359,19,141,154,10.9,942,801,7,35.75,,0.49,0.84,90,48.85
310,0,0,192,0,1012,830,90,35.76,,0.49,0.84,28,39.6
172.4,13.6,172.4,156.8,4.1,1006.3,856.4,56,35.85,,0.4,0.76,28,43.94
298,0,107,164,13,953,784,28,35.86,,0.4,0.76,7,34.57
298.1,0,107.5,163.6,12.8,953.2,784,28,35.87,,0.4,0.76,90,54.32
218.2,54.6,123.8,140.8,11.9,1075.7,792.7,14,35.96,,0.4,0.76,3,24.4
307,0,0,193,0,968,812,365,36.15,,0.58,0.91,3,15.62
237.5,237.5,0,228,0,932,594,180,36.25,,0.75,1.06,90,21.86
425,106.3,0,151.4,18.6,936,803.7,3,36.30,,0.75,1.06,7,10.22
376,0,0,214.6,0,1003.5,762.4,56,36.30,,0.66,0.98,7,14.6
152,178,139,168,18,944,695,28,36.35,,0.75,1.06,28,18.75
151.8,178.1,138.7,167.5,18.3,944,694.6,28,36.35,,0.58,0.91,28,31.97
140,133,103,200,7,916,753,28,36.44,,0.58,0.91,7,23.4
139.9,132.6,103.3,200.3,7.4,916,753.4,28,36.44,,0.66,0.98,28,25.57
380,95,0,228,0,932,594,28,36.45,,0.58,0.91,90,41.68
339,0,0,197,0,968,781,180,36.45,,0.49,0.84,7,27.74
165,0,143.6,163.8,0,1005.6,900.9,56,36.56,,0.75,1.06,3,8.2
133,200,0,192,0,927.4,839.2,90,36.59,,1.17,0.71,7,9.62
251.4,0,118.3,188.5,6.4,1028.4,757.7,56,36.64,,0.78,0.71,7,25.42
313,0,113,178,8,1002,689,28,36.80,,0.78,0.71,7,15.69
313.3,0,113,178.5,8,1001.9,688.7,28,36.80,,1.02,0.71,28,27.94
387,20,94,157,14.3,938,845,7,36.84,,0.96,0.71,28,32.63
397,0,0,186,0,1040,734,28,36.94,,0.73,0.71,7,17.24
500,0,0,200,0,1125,613,14,36.94,,0.68,0.71,7,19.77
250.2,166.8,0,203.5,0,977.6,694.1,28,36.96,,0.78,0.71,28,39.44
251.4,0,118.3,188.5,5.8,1028.4,757.7,56,36.97,,0.84,0.71,28,25.75
297.2,0,117.5,174.8,9.5,1022.8,753.5,14,36.99,,0.47,0.71,28,33.08
273,105,82,210,9,904,680,28,37.17,,0.49,0.71,7,24.07
272.8,105.1,81.8,209.7,9,904,679.7,28,37.17,,0.88,0.71,7,21.82
331,0,0,192,0,978,825,90,37.23,,1.17,0.71,28,21.07
321,0,128,182,11,870,780,28,37.26,,0.63,0.71,7,14.84
218.9,0,124.1,158.5,11.3,1078.7,794.9,56,37.27,,0.73,0.71,28,32.05
194.7,0,100.5,170.2,7.5,998,901.8,28,37.27,,0.91,0.71,7,11.96
321.4,0,127.9,182.5,11.5,870.1,779.7,28,37.27,,0.47,0.71,7,25.45
310,0,0,192,0,970,850,180,37.33,,0.49,0.71,28,22.49
194.7,0,100.5,165.6,7.5,1006.4,905.9,100,37.34,,0.63,0.71,28,25.22
156,243,0,180,11,1022,698,28,37.36,,0.81,0.71,28,39.7
155.6,243.5,0,180.3,10.7,1022,697.7,28,37.36,,0.84,0.71,7,13.09
212.6,0,100.4,159.4,10.4,1003.8,903.8,28,37.40,,0.59,0.71,28,38.7
382,0,0,186,0,1047,739,28,37.42,,1.37,0.71,7,7.51
382,0,0,185,0,1047,739,28,37.42,,0.78,0.71,28,17.58
427.5,47.5,0,228,0,932,594,28,37.43,,0.55,0.71,7,21.18
150,237,0,174,12,1069,675,28,37.43,,1.37,0.71,28,18.2
150,236.8,0,173.8,11.9,1069.3,674.8,28,37.43,,0.96,0.71,7,17.2
382.5,0,0,185.7,0,1047.8,739.3,28,37.44,,0.91,0.71,28,22.63
172.4,13.6,172.4,156.8,4.1,1006.3,856.4,100,37.68,,0.64,0.71,7,21.86
332.5,142.5,0,228,0,932,594,90,37.72,,1.02,0.71,7,12.37
475,118.8,0,181.1,8.9,852.1,781.5,3,37.80,,1.09,0.71,28,25.73
173.8,93.4,159.9,172.3,9.7,1007.2,746.6,28,37.81,,0.88,0.71,28,37.81
210.7,316.1,0,185.7,0,977,689.3,28,37.81,,0.81,0.71,7,21.92
331,0,0,192,0,1025,821,90,37.91,,0.64,0.71,28,33.04
166,260,0,183,13,859,827,28,37.91,,0.49,0.71,7,14.54
491,26,123,201,3.9,822,699,7,37.92,,0.78,0.71,28,26.91
166,259.7,0,183.2,12.7,858.8,826.8,28,37.92,,1,0.71,7,8
165,0,143.6,163.8,0,1005.6,900.9,100,37.96,,0.55,0.71,28,31.9
286.3,200.9,0,144.7,11.2,1004.6,803.7,7,38.00,,0.78,0.71,7,10.34
446,24,79,162,11.6,967,712,7,38.02,,0.74,0.71,28,19.77
198.6,132.4,0,192,0,978.4,825.5,90,38.07,,0.49,0.71,28,37.44
310,0,0,192,0,970,850,360,38.11,,0.74,0.71,7,11.48
173.5,50.1,173.5,164.8,6.5,1006.2,793.5,28,38.20,,0.59,0.71,7,24.44
375,0,0,186,0,1038,758,28,38.21,,1,0.71,28,17.6
309.9,142.8,111.2,167.8,22.1,913.9,651.2,28,38.22,,1.09,0.71,7,10.73
250,0,95.7,187.4,5.5,956.9,861.2,56,38.33,,0.68,0.71,28,31.38
237.5,237.5,0,228,0,932,594,270,38.41,,0.58,0.81,3,13.22
314,0,113,170,10,925,783,28,38.46,,0.58,0.81,7,20.97
313.8,0,112.6,169.9,10.1,925.3,782.9,28,38.46,,0.58,0.81,14,27.04
212,0,124.8,159,7.8,1085.4,799.5,28,38.50,,0.58,0.81,28,32.04
190.3,0,125.2,161.9,9.9,1088.1,802.6,56,38.56,,0.58,0.81,90,35.17
475,0,0,228,0,932,594,7,38.60,,0.58,0.81,180,36.45
214.9,53.8,121.9,155.6,9.6,1014.3,780.6,14,38.60,,0.58,0.81,365,38.89
359,19,141,154,10.9,942,801,7,38.61,,0.82,0.91,3,6.47
326.5,0,137.9,199,10.8,801.1,792.5,28,38.63,,0.82,0.91,14,12.84
316.1,210.7,0,185.7,0,977,689.3,28,38.70,,0.82,0.91,28,18.42
310,0,0,192,0,1012,830,120,38.70,,0.82,0.91,90,21.95
275.1,0,121.4,159.5,9.9,1053.6,777.5,14,38.77,,0.82,0.91,180,24.1
288,192,0,192,0,932,717.8,28,38.80,,0.82,0.91,365,25.08
339,0,0,197,0,968,781,365,38.89,,0.69,0.88,14,21.26
237.5,237.5,0,228,0,932,594,365,39.00,,0.69,0.88,28,25.97
424,22,132,178,8.5,822,750,7,39.00,,0.69,0.88,3,11.36
331,0,0,192,0,978,825,180,39.00,,0.69,0.88,90,31.25
374,0,0,190,7,1013,730,28,39.05,,0.69,0.88,180,32.33
374.3,0,0,190.2,6.7,1013.2,730.4,28,39.06,,0.69,0.88,360,33.7
397,0,0,185,0,1040,734,28,39.09,,0.78,0.89,3,9.31
168.9,42.2,124.3,158.3,10.8,1080.8,796.2,56,39.15,,0.78,0.89,90,26.94
178,129.8,118.6,179.9,3.6,1007.3,746.8,28,39.16,,0.78,0.89,180,27.63
168,42.1,163.8,121.8,5.7,1058.7,780.1,100,39.23,,0.78,0.89,365,29.79
251.4,0,118.3,192.9,5.8,1043.6,754.3,56,39.27,,0.63,0.84,180,34.49
475,0,0,228,0,932,594,28,39.29,,0.63,0.84,365,36.15
439,177,0,186,11.1,884.9,707.9,3,39.30,,0.63,0.84,3,12.54
234,156,0,189,5.9,981,760,28,39.30,,0.63,0.84,28,27.53
446,24,79,162,11.6,967,712,7,39.30,,0.63,0.84,90,32.92
192,288,0,192,0,929.8,716.1,28,39.32,,0.82,0.91,7,9.99
139.6,209.4,0,192,0,1047,806.9,90,39.36,,0.9,0.75,7,7.84
450.1,50,0,200,3,1124.4,613.2,28,39.38,,0.9,0.75,28,12.25
331,0,0,192,0,1025,821,120,39.38,,0.8,0.75,7,11.17
160,128,122,182,6.4,824,879,28,39.40,,0.8,0.75,28,17.34
266,112,87,178,10,910,745,28,39.42,,0.57,0.74,7,17.54
266.2,112.3,87.5,177.9,10.4,909.7,744.5,28,39.42,,0.57,0.74,28,30.57
239.6,359.4,0,185.7,0,941.6,664.3,28,39.44,,0.67,0.74,7,14.2
160,250,0,168,12,1049,688,28,39.45,,0.67,0.74,28,24.5
159.8,250,0,168.4,12.2,1049.3,688.2,28,39.46,,0.61,0.74,7,15.58
349,0,0,192,0,1047,806,90,39.49,,0.61,0.74,28,26.85
393,0,0,192,0,940,758,28,39.58,,0.5,0.73,7,26.06
238.1,0,94.1,186.7,7,949.9,847,56,39.59,,0.5,0.73,28,38.21
393,0,0,192,0,940.6,785.6,28,39.60,,0.47,0.73,28,43.7
212.1,0,121.6,180.3,5.7,1057.6,779.3,100,39.61,,0.47,0.73,7,30.14
250,0,95.7,191.8,5.3,948.9,857.2,56,39.64,,0.73,0.75,7,12.73
141.3,212,0,203.5,0,971.8,748.5,90,39.66,,0.73,0.75,28,20.87
228,342.1,0,185.7,0,955.8,674.3,28,39.70,,0.53,0.73,7,20.28
212,141.3,0,203.5,0,973.4,750,90,39.70,,0.53,0.73,28,34.29
332.5,142.5,0,228,0,932,594,180,39.78,,1,0.65,7,19.54
162,207,172,216,10,822,638,28,39.84,,0.81,0.71,90,47.71
295.7,0,95.6,171.5,8.9,955.1,859.2,28,39.94,,1.22,0.84,90,43.38
318,0,126,210,6,861,737,28,40.06,,1.44,0.77,28,29.89
317.9,0,126.5,209.7,5.7,860.5,736.6,28,40.06,,1.22,0.71,3,6.9
213.7,0,174.7,154.8,10.2,1053.5,776.4,28,40.15,,1.66,0.84,90,33.19
251.4,0,118.3,192.9,5.8,1043.6,754.3,100,40.15,,1.11,0.83,3,4.9
469,117.2,0,137.8,32.2,852.1,840.5,3,40.20,,1.88,1.06,3,4.57
213.8,98.1,24.5,181.7,6.7,1066,785.5,28,40.23,,1.88,1.06,90,25.46
332.5,142.5,0,228,0,932,594,270,40.27,,1.66,0.84,28,24.29
424,22,132,168,8.9,822,750,7,40.29,,1.22,0.71,28,33.95
190.3,0,125.2,161.9,9.9,1088.1,802.6,100,40.39,,0.96,0.84,3,11.41
380,95,0,228,0,932,594,90,40.56,,1.88,0.91,28,20.59
190.7,0,125.4,162.1,7.8,1090,804,100,40.57,,0.67,0.65,7,25.89
389.9,189,0,145.9,22,944.7,755.8,3,40.60,,1.88,0.91,90,29.23
349,0,0,192,0,1056,809,90,40.66,,1.66,0.98,90,31.02
326,0,138,199,11,801,792,28,40.68,,1.44,0.77,7,10.39
222.4,0,96.7,189.3,4.5,967.1,870.3,100,40.71,,1.22,0.84,28,33.66
380,95,0,228,0,932,594,180,40.76,,1.44,0.91,28,27.87
190,190,0,228,0,932,670,28,40.86,,0.81,0.71,7,19.35
229.7,0,118.2,195.2,6.1,1028.1,757.6,100,40.86,,1.11,0.91,7,11.39
349,0,0,192,0,1056,809,120,40.86,,1,0.77,3,12.79
356,0,142,193,11,801,778,28,40.87,,1,0.77,28,39.32
355.9,0,141.6,193.3,11,801.4,778.4,28,40.87,,1.25,1.06,3,4.78
284,120,0,168,7,970,794,28,40.93,,0.67,0.77,3,16.11
313.3,145,0,178.5,8,867.2,824,28,40.93,,0.67,0.65,28,43.38
284,119.7,0,168.3,7.2,970.4,794.2,28,40.93,,0.81,0.77,7,20.42
332.5,142.5,0,228,0,932,594,365,41.05,,1.11,0.91,3,6.94
349,0,0,192,0,1047,806,180,41.05,,0.96,0.77,7,15.03
313,145,0,178,8,1002,689,28,41.05,,0.81,0.77,3,13.57
313.3,145,0,178.5,8,1001.9,688.7,28,41.05,,1.11,0.83,90,32.53
472.5,0,0,145,4,1015,684,7,41.10,,1.22,0.71,7,15.75
401.8,94.7,0,147.4,11.4,946.8,852.1,3,41.10,,1.88,1.06,7,7.68
380,95,0,228,0,932,594,270,41.15,,0.67,0.77,28,38.8
250,0,95.7,191.8,5.3,948.9,857.2,100,41.16,,0.96,0.77,28,33
167.4,129.9,128.6,175.5,7.8,1006.3,746.6,28,41.20,,1.88,1.06,28,17.28
331,0,0,192,0,978,825,360,41.24,,1.11,0.91,28,24.28
531.3,0,0,141.8,28.2,852.1,893.7,3,41.30,,1.11,0.83,28,24.05
516,0,0,162,8.2,801,802,28,41.37,,1.44,0.91,90,36.59
516,0,0,162,8.3,801,802,28,41.37,,1,0.77,90,50.73
167,75.4,167,164,7.9,1007.3,770.1,28,41.41,,1.44,0.91,7,13.66
427.5,47.5,0,228,0,932,594,90,41.54,,0.67,0.65,3,14.14
265,111,86,195,6,833,790,28,41.54,,0.81,0.77,90,47.78
264.5,111,86.5,195.5,5.9,832.6,790.4,28,41.54,,1.88,0.91,3,2.33
540,0,0,173,0,1125,613,3,41.64,,1.22,0.84,7,16.89
387,20,94,157,11.6,938,845,7,41.67,,0.67,0.77,7,23.52
333,0,0,192,0,931.2,842.6,90,41.68,,0.96,0.77,3,6.81
203.5,305.3,0,203.5,0,963.4,630,28,41.68,,0.96,0.77,90,39.7
198.6,132.4,0,192,0,978.4,825.5,180,41.72,,1.25,1.06,28,17.96
427.5,47.5,0,228,0,932,594,180,41.84,,0.81,0.77,28,32.88
277.1,0,97.4,160.6,11.8,973.9,875.6,14,41.89,,1.66,0.98,28,22.35
475,0,0,228,0,932,594,365,41.93,,1.11,0.83,7,10.79
287,121,94,188,9,904,696,28,41.94,,1.88,0.91,7,7.72
249.1,0,98.8,158.1,12.8,987.8,889,56,42.03,,1,0.65,28,41.68
475,0,0,228,0,932,594,270,42.13,,1,0.65,3,9.56
349,0,0,192,0,1047,806,360,42.13,,1.44,0.91,3,6.88
288,121,0,177,7,908,829,28,42.13,,0.67,0.77,90,50.53
288.4,121,0,177.4,7,907.9,829.5,28,42.14,,0.96,0.84,7,17.17
246.8,0,125.1,143.3,12,1086.8,800.9,14,42.22,,0.96,0.84,28,30.44
475,0,0,228,0,932,594,90,42.23,,0.81,0.71,3,9.73
252.3,0,98.8,146.3,14.2,987.8,889,14,42.29,,1.66,0.84,3,3.32
190,190,0,228,0,932,670,90,42.33,,1.25,1.06,90,26.32
250,0,95.7,187.4,5.5,956.9,861.2,100,42.35,,0.96,0.84,90,43.25
525,0,0,189,0,1125,613,7,42.42,,1.66,0.98,3,6.28
212.5,0,100.4,159.3,8.7,1007.8,903.6,56,42.55,,1.11,0.91,90,32.1
475,0,0,228,0,932,594,180,42.62,,0.81,0.71,28,36.96
298,0,107,186,6,879,815,28,42.64,,0.67,0.65,90,54.6
298.1,0,107,186.4,6.1,879,815.2,28,42.64,,1,0.77,7,21.48
231.8,0,121.6,174,6.7,1056.4,778.5,56,42.70,,1.22,0.84,3,9.69
313.3,262.2,0,175.5,8.6,1046.9,611.8,7,42.80,,1.25,1.06,7,8.37
212.5,0,100.4,159.3,8.7,1007.8,903.6,100,42.92,,1.44,0.77,90,39.66
427.5,47.5,0,228,0,932,594,270,43.01,,1.66,0.98,7,10.09
376,0,0,214.6,0,1003.5,762.4,100,43.06,,1.44,0.77,3,4.83
200,133,0,192,0,965.4,806.2,90,43.25,,1.66,0.84,7,10.35
157,236,0,192,0,935.4,781.2,90,43.38,,1.22,0.71,90,43.57
305.3,203.5,0,203.5,0,965.4,631,28,43.38,,1,0.65,90,51.86
194.7,0,100.5,170.2,7.5,998,901.8,56,43.39,,0.62,0.82,3,11.85
182,45.2,122,170.2,8.2,1059.4,780.7,56,43.50,,0.62,0.82,7,17.24
166.8,250.2,0,203.5,0,975.6,692.6,90,43.57,,0.62,0.82,28,27.83
277,117,91,191,7,946,666,28,43.57,,0.62,0.82,90,35.76
251.4,0,118.3,188.5,5.8,1028.4,757.7,100,43.58,,0.62,0.82,120,38.7
277,116.8,91,190.6,7,946.5,665.6,28,43.58,,0.58,0.8,3,14.31
380,95,0,228,0,932,594,365,43.70,,0.58,0.8,7,17.44
427.5,47.5,0,228,0,932,594,365,43.70,,0.58,0.8,28,31.74
400,0,0,187,0,1025,745,28,43.70,,0.58,0.8,90,37.91
284,15,141,179,5.5,842,801,28,43.73,,0.58,0.8,120,39.38
287.3,120.5,93.9,187.6,9.2,904.4,695.9,28,43.80,,0.55,0.77,3,15.87
480,0,0,192,0,936,721,28,43.89,,0.55,0.77,7,9.01
480,0,0,192,0,936.2,712.2,28,43.94,,0.55,0.77,28,33.61
355,19,97,145,13.1,967,871,28,44.03,,0.55,0.77,90,40.66
500,0,0,200,0,1125,613,28,44.09,,0.55,0.77,120,40.86
500.1,0,0,200,3,1124.4,613.2,28,44.13,,0.78,0.71,7,12.05
251.8,0,99.9,146.1,12.4,1006,899.8,56,44.14,,0.78,0.71,28,17.54
139.6,209.4,0,192,0,1047,806.9,180,44.21,,0.63,0.71,7,18.91
251.4,0,118.3,188.5,6.4,1028.4,757.7,100,44.21,,0.63,0.71,28,25.18
194.7,0,100.5,170.2,7.5,998,901.8,100,44.28,,0.63,0.71,7,30.96
276,116,90,180,9,870,768,28,44.28,,0.4,0.77,28,43.89
276.4,116,90.3,179.6,8.9,870.1,768.3,28,44.28,,0.4,0.77,90,54.28
198.6,132.4,0,192,0,978.4,825.5,360,44.30,,0.47,0.71,28,36.94
238.1,0,94.1,186.7,7,949.9,847,100,44.30,,0.66,0.7,7,14.5
334,17.6,158,189,15.3,967,633,28,44.33,,0.66,0.7,28,22.44
313,145,0,178,8,867,824,28,44.39,,0.4,0.55,1,12.64
212.6,0,100.4,159.4,10.4,1003.8,903.8,56,44.40,,0.4,0.55,3,26.06
446,24,79,162,11.6,967,712,28,44.42,,0.4,0.55,7,33.21
284,15,141,179,5.5,842,801,56,44.52,,0.4,0.55,14,36.94
313,145,0,127,8,1000,822,28,44.52,,0.4,0.55,28,44.09
312.7,144.7,0,127.3,8,999.7,822.2,28,44.52,,0.32,0.55,7,52.61
142,167,130,174,11,883,785,28,44.61,,0.32,0.55,14,59.76
141.9,166.6,129.7,173.5,10.9,882.6,785.3,28,44.61,,0.32,0.55,28,67.31
213.5,0,174.2,159.2,11.7,1043.6,771.9,28,44.64,,0.32,0.55,90,69.66
139.6,209.4,0,192,0,1047,806.9,360,44.70,,0.32,0.55,180,71.62
336,0,0,182,3,986,817,28,44.86,,0.32,0.55,270,74.17
336.5,0,0,181.9,3.4,985.8,816.8,28,44.87,,0.58,0.8,7,18.13
212,0,124.8,159,7.8,1085.4,799.5,56,45.08,,0.58,0.8,14,22.53
290.4,0,96.2,168.1,9.4,961.2,865,56,45.08,,0.58,0.8,28,27.34
310,143,0,168,10,914,804,28,45.30,,0.58,0.8,56,29.98
310,142.8,0,167.9,10,914.3,804,28,45.30,,0.58,0.8,90,31.35
181.4,0,167,169.6,7.6,1055.6,777.8,100,45.37,,0.58,0.8,180,32.72
251.8,0,99.9,146.1,12.4,1006,899.8,100,45.37,,0.48,0.79,1,6.27
375,93.8,0,126.6,23.4,852.1,992.6,7,45.70,,0.48,0.79,3,14.7
213.7,98.1,24.5,181.7,6.9,1065.8,785.4,28,45.71,,0.48,0.79,7,23.22
231.8,0,121.6,174,6.7,1056.4,778.5,100,45.84,,0.48,0.79,14,27.92
266,114,0,228,0,932,670,28,45.85,,0.48,0.79,28,31.35
387,20,94,157,13.9,938,845,7,45.90,,0.58,0.84,180,39
213.5,0,174.2,154.6,11.7,1052.3,775.5,28,45.94,,0.58,0.84,360,41.24
374,189.2,0,170.1,10.1,926.1,756.7,7,46.20,,0.55,0.77,3,14.99
218.9,0,124.1,158.5,11.3,1078.7,794.9,100,46.23,,0.58,0.84,3,13.52
314,145,113,179,8,869,690,28,46.23,,0.49,0.71,7,24
314,145.3,113.2,178.9,8,869.1,690.2,28,46.23,,0.49,0.71,28,37.42
289,134,0,195,6,924,760,28,46.24,,0.49,0.71,7,11.47
289,133.7,0,194.9,5.5,924.1,760.1,28,46.25,,0.66,0.7,28,22.44
165,128.5,132.1,175.1,8.1,1005.8,746.6,28,46.39,,0.55,0.71,7,21.16
213.7,0,174.7,154.8,10.2,1053.5,776.4,56,46.64,,0.55,0.71,28,31.84
387,20,94,157,13.9,938,845,28,46.68,,0.63,0.72,7,14.8
387,20,94,157,11.6,938,845,28,46.68,,0.63,0.72,28,25.18
425,106.3,0,151.4,18.6,936,803.7,7,46.80,,0.78,0.71,28,17.54
531.3,0,0,141.8,28.2,852.1,893.7,7,46.90,,0.65,0.71,7,14.2
190,190,0,228,0,932,670,180,46.93,,0.65,0.71,28,21.65
266,114,0,228,0,932,670,90,47.03,,0.65,0.71,90,29.39
379.5,151.2,0,153.9,15.9,1134.3,605,7,47.10,,0.58,0.94,3,13.52
213.8,98.1,24.5,181.7,6.7,1066,785.5,56,47.13,,0.58,0.84,7,16.26
500,0,0,200,0,1125,613,90,47.22,,0.58,0.84,28,31.45
333,17.5,163,167,17.9,996,652,28,47.28,,0.58,0.84,90,37.23
297.2,0,117.5,174.8,9.5,1022.8,753.5,28,47.40,,0.55,0.77,7,18.13
277.2,97.8,24.5,160.7,11.2,1061.7,782.5,14,47.71,,0.55,0.77,28,32.72
250.2,166.8,0,203.5,0,977.6,694.1,90,47.71,,0.55,0.77,90,39.49
212.6,0,100.4,159.4,10.4,1003.8,903.8,100,47.74,,0.55,0.77,180,41.05
236,157,0,192,0,972.6,749.1,90,47.78,,0.55,0.77,360,42.13
304,76,0,228,0,932,670,28,47.81,,0.67,0.84,14,18.13
212,0,124.8,159,7.8,1085.4,799.5,100,47.82,,0.67,0.84,180,26.74
387,20,94,157,13.9,938,845,56,47.97,,0.36,0.55,180,61.92
168.9,42.2,124.3,158.3,10.8,1080.8,796.2,100,48.15,,0.4,0.55,90,47.22
277.1,0,97.4,160.6,11.8,973.9,875.6,28,48.28,,0.4,0.55,180,51.04
525,0,0,189,0,1125,613,14,48.40,,0.4,0.55,270,55.16
178,129.8,118.6,179.9,3.6,1007.3,746.8,56,48.59,,0.32,0.55,3,41.64
182,45.2,122,170.2,8.2,1059.4,780.7,100,48.67,,0.73,0.71,7,13.71
266,114,0,228,0,932,670,180,48.70,,0.73,0.71,28,19.69
295.7,0,95.6,171.5,8.9,955.1,859.2,56,48.72,,0.55,0.71,28,31.65
393,0,0,192,0,940,758,90,48.79,,0.49,0.81,3,19.11
393,0,0,192,0,940.6,785.6,90,48.85,,0.49,0.81,28,39.58
290.4,0,96.2,168.1,9.4,961.2,865,100,48.97,,0.49,0.81,90,48.79
173.8,93.4,159.9,172.3,9.7,1007.2,746.6,56,48.99,,0.48,0.71,7,24
304,76,0,228,0,932,670,90,49.19,,0.48,0.71,28,37.42
425,106.3,0,153.5,16.5,852.1,887.1,7,49.20,,0.74,0.71,7,11.47
425,106.3,0,153.5,16.5,852.1,887.1,7,49.20,,0.73,0.71,28,19.69
425,106.3,0,153.5,16.5,852.1,887.1,7,49.20,,0.62,0.88,7,14.99
200,200,0,190,0,1145,660,28,49.25,,0.62,0.88,28,27.92
260,101,78,171,10,936,763,28,49.77,,0.62,0.88,90,34.68
259.9,100.6,78.4,170.6,10.4,935.7,762.9,28,49.77,,0.62,0.88,180,37.33
323.7,282.8,0,183.8,10.3,942.7,659.9,7,49.80,,0.62,0.88,360,38.11
337.9,189,0,174.9,9.5,944.7,755.8,28,49.90,,0.36,0.55,3,33.8
213.8,98.1,24.5,181.7,6.7,1066,785.5,100,49.97,,0.36,0.55,7,42.42
178,129.8,118.6,179.9,3.6,1007.3,746.8,100,49.99,,0.36,0.55,14,48.4
213.7,0,174.7,154.8,10.2,1053.5,776.4,100,50.08,,0.36,0.55,28,55.94
387,20,94,157,14.3,938,845,28,50.24,,0.36,0.55,90,58.78
342,38,0,228,0,932,670,90,50.46,,0.36,0.55,270,67.11
522,0,0,146,0,896,896,7,50.51,,0.63,0.82,14,20.77
288,192,0,192,0,932,717.8,90,50.53,,0.63,0.82,28,25.18
252.3,0,98.8,146.3,14.2,987.8,889,28,50.60,,0.63,0.82,180,29.59
190,190,0,228,0,932,670,270,50.66,,0.67,0.84,28,21.75
388.6,97.1,0,157.9,12.1,852.1,925.7,28,50.70,,0.47,0.71,28,39.09
192,288,0,192,0,929.8,716.1,90,50.73,,0.4,0.77,3,24.39
213.7,98.1,24.5,181.7,6.9,1065.8,785.4,56,50.77,,0.28,1,7,50.51
173.8,93.4,159.9,172.3,9.7,1007.2,746.6,100,50.94,,0.28,1,28,74.99
304,76,0,228,0,932,670,180,50.95,,0.77,0.75,28,37.17
520,0,0,175,5.2,870,805,28,51.02,,1.1,0.88,28,33.76
446,24,79,162,11.6,967,712,28,51.02,,1.43,0.71,28,16.5
277.1,0,97.4,160.6,11.8,973.9,875.6,56,51.04,,1.37,0.96,28,19.99
500,0,0,200,0,1125,613,180,51.04,,1.11,0.74,28,36.35
249.1,0,98.8,158.1,12.8,987.8,889,100,51.06,,0.54,0.71,28,33.69
213.5,0,174.2,159.2,11.7,1043.6,771.9,56,51.26,,1.1,0.9,28,15.42
275.1,0,121.4,159.5,9.9,1053.6,777.5,28,51.33,,0.7,0.81,28,33.42
213.5,0,174.2,154.6,11.7,1052.3,775.5,56,51.43,,0.51,0.72,28,39.05
167.4,129.9,128.6,175.5,7.8,1006.3,746.6,56,51.72,,1.1,0.76,28,27.68
266,114,0,228,0,932,670,270,51.73,,1.31,0.68,28,26.86
203.5,305.3,0,203.5,0,963.4,630,90,51.86,,0.54,0.88,28,45.3
297.2,0,117.5,174.8,9.5,1022.8,753.5,56,51.96,,0.64,0.74,28,30.12
446,24,79,162,11.6,967,712,7,52.01,,1.11,0.78,28,15.57
295.7,0,95.6,171.5,8.9,955.1,859.2,100,52.04,,1.23,0.89,28,44.61
342,38,0,228,0,932,670,180,52.12,,0.67,0.75,28,53.52
379.5,151.2,0,153.9,15.9,1134.3,605,28,52.20,,0.59,0.89,28,57.21
214.9,53.8,121.9,155.6,9.6,1014.3,780.6,28,52.20,,0.52,0.92,28,65.91
405,0,0,175,0,1120,695,28,52.30,,0.61,0.98,28,52.82
322,149,0,186,8,951,709,28,52.42,,0.77,0.98,28,33.4
322.5,148.6,0,185.8,8.5,951,709.5,28,52.43,,1.1,0.71,28,18.03
313,161,0,178,10,917,759,28,52.44,,1.15,0.68,28,37.36
312.9,160.5,0,177.6,9.6,916.6,759.5,28,52.45,,1.27,0.86,28,32.84
246.8,0,125.1,143.3,12,1086.8,800.9,28,52.50,,0.62,0.93,28,42.64
380,0,0,228,0,932,670,365,52.52,,0.66,0.86,28,40.06
540,0,0,173,0,1125,613,7,52.61,,0.66,0.77,28,41.94
280,129,100,172,9,825,805,28,52.82,,0.53,0.9,28,61.23
279.8,128.9,100.4,172.4,9.5,825.1,804.9,28,52.83,,0.54,0.97,28,40.87
380,0,0,228,0,932,670,90,52.91,,1.36,0.85,28,33.3
266,114,0,228,0,932,670,365,52.91,,0.58,0.75,28,52.42
213.5,0,174.2,159.2,11.7,1043.6,771.9,100,52.96,,1.1,1,28,15.09
380,0,0,228,0,932,670,180,53.10,,0.54,0.85,28,38.46
380,0,0,228,0,932,670,270,53.30,,0.57,0.9,28,37.26
446,24,79,162,10.3,967,712,28,53.39,,1.69,0.76,28,35.23
167,75.4,167,164,7.9,1007.3,770.1,56,53.46,,0.61,0.91,28,42.13
298,137,107,201,6,878,655,28,53.52,,0.7,0.85,28,31.87
297.8,137.2,106.9,201.3,6,878.4,655.3,28,53.52,,0.74,0.95,28,41.54
285,190,0,163,7.6,1031,685,28,53.58,,1.05,0.66,28,39.45
167.4,129.9,128.6,175.5,7.8,1006.3,746.6,100,53.66,,1.1,0.96,28,37.91
190,190,0,228,0,932,670,365,53.69,,0.65,0.88,28,44.28
165,128.5,132.1,175.1,8.1,1005.8,746.6,56,53.72,,0.61,0.99,28,31.18
173.5,50.1,173.5,164.8,6.5,1006.2,793.5,56,53.77,,1.3,0.87,28,23.69
213.7,98.1,24.5,181.7,6.9,1065.8,785.4,100,53.90,,1.11,0.8,28,32.76
214.9,53.8,121.9,155.6,9.6,1014.3,780.6,56,53.96,,0.77,0.88,28,32.4
401.8,94.7,0,147.4,11.4,946.8,852.1,7,54.10,,1.04,0.82,28,28.63
480,0,0,192,0,936,721,90,54.28,,0.57,0.69,28,36.8
480,0,0,192,0,936.2,712.2,90,54.32,,1.25,0.67,28,18.28
304,76,0,228,0,932,670,270,54.38,,1.38,1.05,28,33.06
305.3,203.5,0,203.5,0,965.4,631,90,54.60,,0.75,0.95,28,31.42
446,24,79,162,10.3,967,712,56,54.77,,1.47,0.84,28,31.03
525,0,0,220,4,1015,570,7,54.80,,0.57,0.95,28,44.39
469,117.2,0,137.8,32.2,852.1,840.5,7,54.90,,1.21,0.82,28,12.18
379.5,151.2,0,153.9,15.9,1134.3,605,56,54.90,,1.16,0.69,28,25.56
165,128.5,132.1,175.1,8.1,1005.8,746.6,100,55.02,,1.43,0.82,28,36.44
342,38,0,228,0,932,670,270,55.06,,1.18,1.05,28,32.96
500,0,0,200,0,1125,613,270,55.16,,0.71,0.83,28,23.84
388.6,97.1,0,157.9,12.1,852.1,925.7,56,55.20,,1.16,0.95,28,26.23
446,24,79,162,11.6,967,712,56,55.25,,1.07,0.83,28,17.95
304,76,0,228,0,932,670,365,55.26,,0.61,0.99,28,40.68
355,19,97,145,12.3,967,871,28,55.45,,1.16,0.82,28,19.01
318.8,212.5,0,155.7,14.3,852.1,880.4,28,55.50,,0.74,0.82,28,33.72
218.2,54.6,123.8,140.8,11.9,1075.7,792.7,28,55.51,,1.39,0.79,28,8.54
385,0,136,158,20,903,768,28,55.55,,1.11,0.63,28,13.46
491,26,123,210,3.9,882,699,28,55.55,,0.73,0.82,28,32.24
475,118.8,0,181.1,8.9,852.1,781.5,7,55.60,,1.23,0.82,28,23.52
277.1,0,97.4,160.6,11.8,973.9,875.6,100,55.64,,1.34,0.67,28,29.72
397,17.2,158,167,20.8,967,633,28,55.65,,0.66,0.82,28,49.77
252.3,0,98.8,146.3,14.2,987.8,889,56,55.83,,0.57,0.83,28,52.44
362.6,189,0,164.9,11.6,944.7,755.8,7,55.90,,0.59,0.82,28,40.93
362.6,189,0,164.9,11.6,944.7,755.8,7,55.90,,0.54,0.83,28,44.86
362.6,189,0,164.9,11.6,944.7,755.8,7,55.90,,1.25,0.83,28,13.2
525,0,0,189,0,1125,613,28,55.94,,1.16,0.63,28,37.43
173.5,50.1,173.5,164.8,6.5,1006.2,793.5,100,56.06,,1.33,0.99,28,29.87
439,177,0,186,11.1,884.9,707.9,7,56.10,,0.59,0.99,28,56.61
342,38,0,228,0,932,670,365,56.14,,1.25,0.67,28,12.46
446,24,79,162,11.6,967,712,56,56.14,,1.25,0.99,28,23.79
387,20,94,157,14.3,938,845,56,56.34,,1.33,0.84,28,13.29
531.3,0,0,141.8,28.2,852.1,893.7,28,56.40,,0.67,0.82,28,39.42
379.5,151.2,0,153.9,15.9,1134.3,605,91,56.50,,0.57,0.79,28,46.23
331,170,0,195,8,811,802,28,56.61,,0.41,0.82,28,44.52
330.5,169.6,0,194.9,8.1,811,802.3,28,56.62,,1.25,0.83,28,23.74
214.9,53.8,121.9,155.6,9.6,1014.3,780.6,100,56.63,,1.24,0.82,28,26.14
375,93.8,0,126.6,23.4,852.1,992.6,28,56.70,,1.22,1.05,28,15.52
297.2,0,117.5,174.8,9.5,1022.8,753.5,100,56.74,,0.69,0.7,28,43.57
167,75.4,167,164,7.9,1007.3,770.1,100,56.81,,0.55,0.82,28,35.86
528,0,0,185,6.9,920,720,28,56.83,,0.57,0.69,28,41.05
275.1,0,121.4,159.5,9.9,1053.6,777.5,56,56.85,,1.25,0.79,28,28.99
446,24,79,162,11.6,967,712,28,57.03,,0.67,0.82,28,46.24
321,164,0,190,5,870,774,28,57.21,,1.16,0.83,28,26.92
321.3,164.2,0,190.5,4.6,870,774,28,57.22,,1.39,1.06,28,10.54
475,0,59,142,1.9,1098,641,28,57.23,,0.57,0.82,28,25.1
388.6,97.1,0,157.9,12.1,852.1,925.7,91,57.60,,1.26,0.83,28,29.07
491,26,123,201,3.9,822,699,28,57.92,,1.25,0.99,28,9.74
475,0,0,162,9.5,1044,662,28,58.52,,0.74,0.82,28,33.8
275.1,0,121.4,159.5,9.9,1053.6,777.5,100,58.61,,1.33,0.78,28,39.84
525,0,0,189,0,1125,613,90,58.78,,1.46,0.92,28,26.97
531.3,0,0,141.8,28.2,852.1,893.7,56,58.80,,1.2,0.67,28,27.23
525,0,0,220,4,1015,570,28,58.90,,1.25,0.83,28,30.65
356,119,0,160,9,1061,657,28,59.00,,1.27,0.86,28,33.05
389.9,189,0,145.9,22,944.7,755.8,7,59.09,,1.29,0.67,28,24.58
531.3,0,0,141.8,28.2,852.1,893.7,91,59.20,,1.45,0.67,28,21.91
213.5,0,174.2,154.6,11.7,1052.3,775.5,100,59.30,,1.26,0.79,28,30.88
359,19,141,154,10.9,942,801,28,59.49,,1.22,0.69,28,15.34
491,26,123,210,3.9,882,699,56,59.59,,1.48,0.72,28,24.34
540,0,0,173,0,1125,613,14,59.76,,1.11,0.71,28,23.89
313.3,262.2,0,175.5,8.6,1046.9,611.8,28,59.80,,1.16,0.68,28,22.93
337.9,189,0,174.9,9.5,944.7,755.8,56,59.89,,1.42,0.72,28,29.41
375,93.8,0,126.6,23.4,852.1,992.6,56,60.20,,1.04,0.82,28,28.63
520,0,0,170,5.2,855,855,28,60.28,,0.57,0.69,28,36.8
425,106.3,0,153.5,16.5,852.1,887.1,28,60.29,,1.25,0.67,28,18.29
425,106.3,0,153.5,16.5,852.1,887.1,28,60.29,,1.39,1.05,28,32.72
425,106.3,0,153.5,16.5,852.1,887.1,28,60.29,,0.75,0.95,28,31.42
246.8,0,125.1,143.3,12,1086.8,800.9,56,60.32,,1.47,0.84,28,28.94
252.3,0,98.8,146.3,14.2,987.8,889,100,60.95,,0.57,0.95,28,40.93
446,24,79,162,11.6,967,712,56,61.07,,1.22,0.82,28,12.18
374,189.2,0,170.1,10.1,926.1,756.7,28,61.09,,1.17,0.69,28,25.56
326,166,0,174,9,882,790,28,61.23,,1.43,0.82,28,36.44
325.6,166.4,0,174,8.9,881.6,790,28,61.24,,1.18,1.05,28,32.96
387,20,94,157,11.6,938,845,56,61.46,,0.71,0.83,28,23.84
425,106.3,0,151.4,18.6,936,803.7,28,61.80,,1.17,0.95,28,26.23
491,26,123,201,3.9,822,699,56,61.86,,1.07,0.83,28,17.96
540,0,0,162,2.5,1055,676,28,61.89,,0.61,0.99,28,38.63
525,0,0,189,0,1125,613,180,61.92,,1.17,0.82,28,19.01
218.2,54.6,123.8,140.8,11.9,1075.7,792.7,56,61.99,,0.75,0.82,28,33.72
424,22,132,178,8.5,822,750,28,62.05,,1.39,0.79,28,8.54
375,93.8,0,126.6,23.4,852.1,992.6,91,62.50,,1.11,0.63,28,13.46
359,19,141,154,10.9,942,801,28,62.94,,0.73,0.82,28,32.25
277.2,97.8,24.5,160.7,11.2,1061.7,782.5,28,63.14,,1.23,0.82,28,23.52
374,189.2,0,170.1,10.1,926.1,756.7,56,63.40,,1.33,0.67,28,29.73
218.2,54.6,123.8,140.8,11.9,1075.7,792.7,100,63.53,,0.66,0.82,28,49.77
505,0,60,195,0,1030,630,28,64.02,,0.57,0.83,28,52.45
425,106.3,0,153.5,16.5,852.1,887.1,56,64.30,,0.59,0.82,28,40.93
425,106.3,0,153.5,16.5,852.1,887.1,56,64.30,,0.54,0.83,28,44.87
425,106.3,0,153.5,16.5,852.1,887.1,56,64.30,,1.25,0.83,28,13.2
313.3,262.2,0,175.5,8.6,1046.9,611.8,56,64.90,,1.16,0.63,28,37.43
425,106.3,0,151.4,18.6,936,803.7,56,64.90,,1.33,0.99,28,29.87
374,189.2,0,170.1,10.1,926.1,756.7,91,64.90,,0.59,0.99,28,56.62
425,106.3,0,153.5,16.5,852.1,887.1,91,65.20,,1.25,0.67,28,12.46
425,106.3,0,153.5,16.5,852.1,887.1,91,65.20,,1.25,0.99,28,23.79
425,106.3,0,153.5,16.5,852.1,887.1,91,65.20,,1.34,0.84,28,13.29
424,22,132,178,8.5,822,750,56,65.70,,0.67,0.82,28,39.42
366,187,0,191,7,824,757,28,65.91,,0.57,0.79,28,46.23
366,187,0,191.3,6.6,824.3,756.9,28,65.91,,0.41,0.82,28,44.52
439,177,0,186,11.1,884.9,707.9,28,66.00,,1.25,0.83,28,23.74
318.8,212.5,0,155.7,14.3,852.1,880.4,56,66.10,,1.24,0.82,28,26.15
246.8,0,125.1,143.3,12,1086.8,800.9,100,66.42,,1.22,1.05,28,15.53
313.3,262.2,0,175.5,8.6,1046.9,611.8,91,66.60,,0.69,0.7,28,43.58
425,106.3,0,151.4,18.6,936,803.7,91,66.70,,0.55,0.82,28,35.87
359,19,141,154,10.9,942,801,56,66.78,,0.57,0.69,28,41.05
277.2,97.8,24.5,160.7,11.2,1061.7,782.5,56,66.82,,1.25,0.79,28,28.99
469,117.2,0,137.8,32.2,852.1,840.5,28,66.90,,0.67,0.82,28,46.25
277.2,97.8,24.5,160.7,11.2,1061.7,782.5,100,66.95,,1.16,0.83,28,26.92
525,0,0,189,0,1125,613,270,67.11,,1.39,1.05,28,10.54
540,0,0,173,0,1125,613,28,67.31,,0.57,0.82,28,25.1
500,0,0,140,4,966,853,28,67.57,,1.26,0.83,28,29.07
286.3,200.9,0,144.7,11.2,1004.6,803.7,28,67.70,,1.25,0.99,28,9.74
337.9,189,0,174.9,9.5,944.7,755.8,91,67.80,,0.74,0.82,28,33.8
250,180,95,159,9.5,860,800,28,67.87,,0.77,0.75,28,37.17
318.8,212.5,0,155.7,14.3,852.1,880.4,91,68.10,,1.1,0.89,28,33.76
475,118.8,0,181.1,8.9,852.1,781.5,28,68.30,,1.43,0.71,28,16.5
401.8,94.7,0,147.4,11.4,946.8,852.1,28,68.50,,1.38,0.97,28,19.99
359,19,141,154,10.9,942,801,56,68.75,,1.1,0.74,28,36.35
469,117.2,0,137.8,32.2,852.1,840.5,56,69.30,,0.54,0.71,28,38.22
540,0,0,173,0,1125,613,90,69.66,,1.1,0.9,28,15.42
500,0,0,151,9,1033,655,28,69.84,,0.7,0.81,28,33.42
469,117.2,0,137.8,32.2,852.1,840.5,91,70.70,,0.51,0.72,28,39.06
362.6,189,0,164.9,11.6,944.7,755.8,28,71.30,,1.1,0.76,28,27.68
362.6,189,0,164.9,11.6,944.7,755.8,28,71.30,,1.31,0.68,28,26.86
362.6,189,0,164.9,11.6,944.7,755.8,28,71.30,,0.54,0.88,28,45.3
362.6,189,0,164.9,11.6,944.7,755.8,28,71.30,,0.64,0.74,28,30.12
540,0,0,173,0,1125,613,180,71.62,,1.1,0.78,28,15.57
439,177,0,186,11.1,884.9,707.9,56,71.70,,1.22,0.89,28,44.61
485,0,0,146,0,1120,800,28,71.99,,0.68,0.75,28,53.52
424,22,132,168,8.9,822,750,28,72.10,,0.59,0.89,28,57.22
475,118.8,0,181.1,8.9,852.1,781.5,56,72.30,,0.52,0.92,28,65.91
286.3,200.9,0,144.7,11.2,1004.6,803.7,56,72.99,,0.62,0.98,28,52.83
439,177,0,186,11.1,884.9,707.9,91,73.30,,0.77,0.98,28,33.4
401.8,94.7,0,147.4,11.4,946.8,852.1,56,73.70,,1.1,0.71,28,18.03
540,0,0,173,0,1125,613,270,74.17,,1.16,0.68,28,37.36
475,118.8,0,181.1,8.9,852.1,781.5,91,74.19,,1.27,0.86,28,35.31
424,22,132,168,8.9,822,750,56,74.36,,0.63,0.93,28,42.64
389.9,189,0,145.9,22,944.7,755.8,28,74.50,,0.66,0.86,28,40.06
323.7,282.8,0,183.8,10.3,942.7,659.9,28,74.70,,0.65,0.77,28,43.8
522,0,0,146,0,896,896,28,74.99,,0.53,0.9,28,61.24
401.8,94.7,0,147.4,11.4,946.8,852.1,91,75.50,,0.54,0.97,28,40.87
275,180,120,162,10.4,830,765,28,76.24,,1.36,0.85,28,33.31
286.3,200.9,0,144.7,11.2,1004.6,803.7,91,76.80,,0.58,0.75,28,52.43
362.6,189,0,164.9,11.6,944.7,755.8,56,77.30,,1.1,1,28,15.09
362.6,189,0,164.9,11.6,944.7,755.8,56,77.30,,0.54,0.85,28,38.46
362.6,189,0,164.9,11.6,944.7,755.8,56,77.30,,0.57,0.9,28,37.27
362.6,189,0,164.9,11.6,944.7,755.8,56,77.30,,1.69,0.76,28,35.23
451,0,0,165,11.3,1030,745,28,78.80,,0.62,0.91,28,42.14
362.6,189,0,164.9,11.6,944.7,755.8,91,79.30,,0.7,0.85,28,31.88
362.6,189,0,164.9,11.6,944.7,755.8,91,79.30,,0.74,0.95,28,41.54
362.6,189,0,164.9,11.6,944.7,755.8,91,79.30,,1.05,0.66,28,39.46
362.6,189,0,164.9,11.6,944.7,755.8,91,79.30,,1.1,0.96,28,37.92
389.9,189,0,145.9,22,944.7,755.8,56,79.40,,0.65,0.88,28,44.28
540,0,0,162,2.5,1040,676,28,79.99,,0.61,0.99,28,31.18
323.7,282.8,0,183.8,10.3,942.7,659.9,56,80.20,,1.3,0.87,28,23.7
315,137,0,145,5.9,1130,745,28,81.75,,1.1,0.8,28,32.77
389.9,189,0,145.9,22,944.7,755.8,91,82.60,,0.77,0.88,28,32.4
